id,domain,status,purchase_price,renewal_price,attractiveness,demand,length,registrar,created_at,expires_at,status_verified_at
84df6e61-6fbc-4b5e-85a0-ee0e08971a2c,bida.careers,available,34.99,71.99,medium,low,4,namesilo,,,23/09/2026 13:39
40a45582-4f39-4f43-be2b-bcbd1833ab0c,atwood.careers,available,26.08,57.13,medium,low,6,spaceship,,,28/09/2026 18:22
90be8ecd-cc95-4bf7-8a28-2914855f386a,titus.careers,available,34.99,71.99,high,low,5,namesilo,,,25/09/2026 05:37
4e10be8f-9771-4f71-a334-55ed1ac2a488,reviewing.careers,available,28.98,89.98,high,low,9,namecheap,,,29/09/2026 08:58
117adae9-7e2a-4718-85dd-1c06fa29c00b,rodney.careers,available,28.98,89.98,high,low,6,namecheap,,,28/09/2026 03:52
dc0147dd-db8d-4539-9261-11d5e5d907dd,wicker.careers,available,26.08,57.13,high,low,6,spaceship,,,02/10/2026 14:32
9de3d5b4-bf65-4897-8916-2e0b8cf404c1,cloudless.careers,available,28.98,89.98,high,low,9,namecheap,,,12/08/2026 12:32
ef2a8c19-c196-4e6d-b0e1-7714b587bee1,federalists.careers,available,26.08,57.13,medium,low,11,spaceship,,,29/09/2026 11:41
deb6a4c5-9f8e-4d27-8d11-4abf4e55bc80,holocaust.careers,available,34.99,71.99,medium,low,9,namesilo,,,29/09/2026 06:54
d10a0d1f-2960-46f1-a435-b2b59564312d,unpaired.careers,available,28.98,89.98,medium,low,8,namecheap,,,12/09/2026 15:30
b8a4e7a8-ce30-426c-a3ac-6c9f7991d7f4,ionian.careers,available,28.98,89.98,high,low,6,namecheap,,,22/08/2026 09:28
72301f98-7e93-413a-a9dd-604f3dcbc044,lunisolar.careers,available,28.98,89.98,medium,low,9,namecheap,,,24/08/2026 11:31
43c004a0-c6fe-42cc-90fe-59e4f1a6c007,echoic.careers,available,28.98,89.98,medium,low,6,namecheap,,,14/08/2026 23:34
3e041d03-1d41-4716-aad0-8b3676e2e011,tientsin.careers,available,34.99,71.99,medium,low,8,namesilo,,,02/10/2026 16:55
21b2802a-c59a-4cbf-b69d-dc8832fa2a94,uncommitted.careers,available,34.99,71.99,medium,low,11,namesilo,,,01/10/2026 06:01
c4b47874-9787-4ae7-8284-fc4e3efd98ad,accordant.careers,available,28.98,89.98,medium,low,9,namecheap,,,
f61e2726-102e-480a-b829-b64785e62fcb,claire.careers,available,34.99,71.99,high,low,6,namesilo,,,01/10/2026 01:01
17c14806-d2af-4a7f-8db9-1a20d40bb267,imbricate.careers,available,28.98,89.98,medium,low,9,namecheap,,,21/08/2026 20:35
40990d81-22c6-4a6c-b31e-56d12acd4b86,winy.careers,available,28.98,89.98,medium,low,4,namecheap,,,13/09/2026 12:25
1d172232-8734-46e8-ad4f-c123e93e578f,ingrowing.careers,available,28.98,89.98,medium,low,9,namecheap,,,22/08/2026 04:54
b95c607b-1c26-444d-8ec6-785b09eeb352,case.careers,available,26.08,57.13,high,low,4,spaceship,,,29/09/2026 07:33
5ec9981e-1e60-458d-bd01-6ae5f24a4811,humor.careers,available,34.99,71.99,high,low,5,namesilo,,,24/09/2026 06:28
798944f6-1028-4182-900b-d0dd78dfb045,mancha.careers,available,34.99,71.99,medium,low,6,namesilo,,,01/10/2026 17:40
33630cda-abb4-429c-a210-eb5e1f441030,armful.careers,available,34.99,71.99,medium,low,6,namesilo,,,20/09/2026 06:50
c19f4429-a49a-4fd2-a18c-49ee640ef3eb,rowing.careers,premium,72.6,72.6,high,low,6,dynadot,,,29/09/2026 20:14
85eb4543-a282-4fe2-8d06-8af1decbe459,agricultural.careers,available,26.08,57.13,high,low,12,spaceship,,,30/09/2026 03:28
77497385-cdf5-4f15-b7c4-b8f55ac4e2dc,searcy.careers,available,34.99,71.99,medium,low,6,namesilo,,,03/10/2026 04:15
7f1c6d36-aa97-4696-8e87-93ed6b9efb7d,egregious.careers,available,28.98,89.98,medium,low,9,namecheap,,,15/08/2026 19:48
25b6c7c1-9e6c-449c-a802-604ce8acf649,rayless.careers,available,28.98,89.98,medium,low,7,namecheap,,,09/09/2026 10:46
9511a067-28a5-4f00-a2e4-523577b0a72f,oils.careers,available,28.98,89.98,medium,low,4,namecheap,,,30/09/2026 00:28
cdbd3e06-b95b-43e4-a94a-3fd562d22b1f,cyr.careers,available,26.08,57.13,medium,low,3,spaceship,,,03/10/2026 04:27
46094185-569c-476b-bddd-b1652231d4ff,maximizing.careers,available,28.98,89.98,high,low,10,namecheap,,,24/08/2026 17:56
d8e067f0-6516-4bd9-98b0-8b7f78366eba,biform.careers,available,28.98,89.98,medium,low,6,namecheap,,,09/08/2026 20:07
ca569496-eb1b-4d45-b6ba-ebcce30e9538,frisian.careers,available,28.98,89.98,medium,low,7,namecheap,,,18/08/2026 15:59
20af6b32-a828-4175-9175-a2bbd348870b,businesslike.careers,available,34.99,71.99,high,low,12,namesilo,,,02/10/2026 10:46
e8c1c202-0af2-4939-a43b-d2a4c951c1fa,cooperated.careers,available,15.96,57.16,medium,low,10,porkbun,,,02/10/2026 03:43
f36f8e4e-1cf1-4919-b7d6-544e9eee8491,anyways.careers,available,28.98,89.98,medium,low,7,namecheap,,,13/09/2026 20:13
11354e11-6a39-4478-b1f5-a92aa85d1472,untrusty.careers,available,28.98,89.98,medium,low,8,namecheap,,,12/09/2026 21:46
1720dd96-623c-49c9-8528-594260c40b01,geologist.careers,available,34.99,71.99,high,low,9,namesilo,,,29/09/2026 12:39
00446aac-7287-42fd-b9eb-582b7d44955e,distraction.careers,available,34.99,71.99,medium,low,11,namesilo,,,28/09/2026 16:54
16b37070-ae3a-4538-be1f-5ed5d0f5cd68,lettres.careers,available,26.08,57.13,medium,low,7,spaceship,,,29/09/2026 05:30
1e5ae65e-634c-4580-a3ce-ad1804182567,dci.careers,available,34.99,71.99,high,low,3,namesilo,,,02/10/2026 04:33
c3c17e73-8a0e-418f-83ec-926cc587b5ce,nlrb.careers,available,34.99,71.99,medium,low,4,namesilo,,,29/09/2026 13:32
a901387d-37e2-4964-ba7f-17dc6dac1aab,avicenna.careers,available,34.99,71.99,high,low,8,namesilo,,,16/09/2026 18:41
b01e3130-d0bb-43a4-a0c6-0e9c473bc0fd,tourists.careers,available,29.99,94.99,medium,low,8,name.com,,,18/09/2026 07:30
a19d2e60-9779-4978-93b0-c48a7e98a99e,arrester.careers,available,34.99,71.99,medium,low,8,namesilo,,,20/09/2026 09:09
ad157005-638e-4845-a1a0-1fa9a1c09845,unheralded.careers,available,28.98,89.98,medium,low,10,namecheap,,,12/09/2026 00:42
de304496-a013-4cf5-b3a3-8d3111eb1eee,unsealed.careers,available,28.98,89.98,medium,low,8,namecheap,,,12/09/2026 19:07
205943c1-7d23-44ac-9901-5ceaf762fee0,baldric.careers,available,28.98,89.98,medium,low,7,namecheap,,,21/09/2026 21:45
a587729a-5896-4336-b468-aa00b59c76e0,charity.careers,premium,512,512,high,low,7,namesilo,,,24/09/2026 10:51
662e04c3-a3db-4c43-9911-c57513f5a1f3,par.careers,available,26.08,57.13,high,low,3,spaceship,,,29/09/2026 00:49
f4c93ba4-822f-48ff-8c80-af103d71d8f3,unfounded.careers,available,28.98,89.98,medium,low,9,namecheap,,,08/08/2026 21:57
33f1614e-ef89-435d-b8d1-9393e0c50bea,whiskey.careers,available,26.08,57.13,high,low,7,spaceship,,,27/09/2026 16:19
184c762e-b8f6-43b4-84a1-caaf7e26ca76,beetroot.careers,available,34.99,71.99,high,low,8,namesilo,,,23/09/2026 01:58
859e2324-ae0d-41b2-8919-1f0757541086,sabotage.careers,available,34.99,71.99,medium,low,8,namesilo,,,28/09/2026 13:47
46ed320f-aebd-4e28-8fab-027f21b93985,antioch.careers,available,28.98,89.98,medium,low,7,namecheap,,,19/09/2026 12:29
ec547720-91b8-4e97-a3bb-27f22c36ef20,scholars.careers,available,34.99,71.99,high,low,8,namesilo,,,30/09/2026 15:27
e07f733a-0d51-460a-8bb4-80bd1aaccafe,merlin.careers,available,16.27,59.07,high,medium,6,dynadot,,,28/09/2026 09:44
46230aea-7f67-43de-810d-74a0880ca7d5,optional.careers,available,28.98,89.98,high,low,8,namecheap,,,04/09/2026 17:10
7ee9b630-17f9-49a1-81e0-8f66a2c6b8e0,tak.careers,available,34.99,71.99,high,low,3,namesilo,,,29/09/2026 09:19
b50f7907-d5cb-48ad-ac08-11626e35f7e2,interviewer.careers,available,16.27,59.07,high,low,11,dynadot,,,30/09/2026 19:57
268d33e3-47b9-4d55-8ebd-91a8b44bc697,sunnyvale.careers,available,34.99,71.99,high,low,9,namesilo,,,01/10/2026 11:38
1205453b-3873-4432-b6b0-31f835145a21,bauxite.careers,available,34.99,71.99,medium,low,7,namesilo,,,22/09/2026 16:42
e33bd534-2bc0-470c-902e-94da104d7698,toured.careers,available,34.99,71.99,medium,low,6,namesilo,,,20/09/2026 05:39
279b1a15-aaa8-4cee-8761-843b1020996d,ineffective.careers,available,55.2,55.2,medium,low,11,cloudflare,,,30/09/2026 12:11
f18c2ab4-54c5-49cf-b702-377e04c62dca,bothered.careers,available,28.98,89.98,medium,low,8,namecheap,,,23/09/2026 01:08
6bb13e82-3b04-4a49-9585-cee8222dd226,myth.careers,available,16.27,59.07,high,low,4,dynadot,,,28/09/2026 02:27
e322c7b6-3075-4f99-98ed-5570acda1808,polite.careers,available,28.98,89.98,high,low,6,namecheap,,,13/08/2026 10:21
aba948a7-41b5-4d05-a323-8f4be23ef3b9,sodium.careers,available,34.99,71.99,high,low,6,namesilo,,,20/09/2026 22:13
8afa57b0-0eb5-48b7-b1b1-1fe1876c6f8a,maneuver.careers,available,16.27,59.07,high,low,8,dynadot,,,29/09/2026 18:49
373dbd7f-2541-4a5d-9151-39432a590302,unquiet.careers,available,28.98,89.98,medium,low,7,namecheap,,,12/09/2026 17:40
a486ea17-b826-4f84-97e0-b83a5fbf2957,amble.careers,available,34.99,71.99,medium,low,5,namesilo,,,18/09/2026 16:54
b47f3cd5-9d1e-4c42-922a-9def763b927e,clicks.careers,available,55.2,55.2,medium,low,6,cloudflare,,,01/10/2026 00:04
be22ce0c-0b23-4c2e-bcf3-981501a37785,seaman.careers,available,34.99,71.99,medium,low,6,namesilo,,,30/09/2026 01:29
d702c5bf-a69b-4eaf-88ce-39c1e2cdbf66,discretion.careers,available,34.99,71.99,high,low,10,namesilo,,,24/09/2026 15:03
be380e22-3d7f-4e4c-a7ef-bbc2c3d76375,insulted.careers,available,28.98,89.98,low,low,8,namecheap,,,28/09/2026 23:30
c6fc67bf-bcf6-4499-8e7a-f66b17be699c,inspirational.careers,available,34.99,71.99,high,low,13,namesilo,,,01/10/2026 23:48
c677f1ce-954e-46f6-93c8-971e1a6d7801,dre.careers,available,28.98,89.98,high,low,3,namecheap,,,29/09/2026 21:06
3ce3e7c1-5bad-4b21-9008-da9c5169d734,styptic.careers,available,28.98,89.98,medium,low,7,namecheap,,,07/08/2026 10:00
6bbdd5cb-ad47-401c-bca3-c8ba762d494d,dyck.careers,available,34.99,71.99,medium,low,4,namesilo,,,30/09/2026 21:56
57d62e78-c9f6-406a-ad37-87cd4586d7e6,ambulance.careers,available,34.99,71.99,high,low,9,namesilo,,,18/09/2026 17:28
37b3a0b9-1134-475c-bf74-c0471fe5ae25,clarifying.careers,available,28.98,89.98,high,low,10,namecheap,,,12/08/2026 09:37
b21d20aa-f244-4005-8ca1-885c0b0102f3,paper.careers,premium,220,220,high,low,5,dynadot,,,30/09/2026 05:39
2e3715cc-b9a6-459a-9cb0-79a4c83cebd4,nautilus.careers,available,34.99,71.99,high,low,8,namesilo,,,20/09/2026 04:33
7d752575-36ed-46b8-b0ca-5229ab108959,outre.careers,available,28.98,89.98,medium,low,5,namecheap,,,10/08/2026 10:39
5db685c5-b6c5-4fb2-9342-765fa0f98bcb,bede.careers,available,34.99,71.99,high,low,4,namesilo,,,21/09/2026 17:17
f98ba9a6-6c67-4ad3-8c94-8fc17f73c466,coupons.careers,premium,512,512,high,low,7,namesilo,,,21/09/2026 07:55
178b605c-96dc-4f4c-afec-ea5013967ba8,cattie.careers,available,28.98,89.98,medium,low,6,namecheap,,,11/08/2026 22:14
c99c67ea-308e-4ad1-b633-b2e42a86ce1b,bellicose.careers,available,28.98,89.98,low,low,9,namecheap,,,09/08/2026 01:44
503350ea-c4f9-452a-8978-b35e3ef0ee7c,abscissa.careers,available,34.99,71.99,medium,low,8,namesilo,,,16/09/2026 17:32
897e29a5-a032-498a-9ad6-af6da9ead8e8,unrealistic.careers,available,16.27,59.07,medium,low,11,dynadot,,,29/09/2026 21:08
e542d030-ea04-469c-ac8b-97c2beb6773e,disbelief.careers,available,34.99,71.99,medium,low,9,namesilo,,,24/09/2026 22:29
bb200c32-1eaf-479d-b9c8-e3c3c430ec34,fleets.careers,available,26.08,57.13,medium,low,6,spaceship,,,02/10/2026 23:02
dd66aa19-5d56-4642-bf4e-b7991026421a,honeymoon.careers,available,26.08,57.13,high,low,9,spaceship,,,27/09/2026 14:05
75926a78-8246-41af-a545-5c7522683b92,bagful.careers,available,28.98,89.98,medium,low,6,namecheap,,,21/09/2026 17:57
d7992cb1-28c2-4f42-a804-6313d42c92bb,charting.careers,available,28.98,89.98,high,low,8,namecheap,,,02/10/2026 07:28
bd98f872-5154-4eda-9d25-f31165f6a9e8,manzoni.careers,available,34.99,71.99,high,low,7,namesilo,,,18/09/2026 05:31
51310fd7-be34-433e-ab57-260b62974a56,accordion.careers,available,28.98,89.98,high,low,9,namecheap,,,16/09/2026 23:02
4ee82e12-eb64-4d4f-846e-6d5d0a1966c8,lamppost.careers,available,16.27,59.07,high,low,8,dynadot,,,30/09/2026 02:00
f548dbef-853c-463f-b376-3ad975f9daf7,exemplary.careers,available,28.98,89.98,high,low,9,namecheap,,,21/09/2026 18:58
971c2285-7a5a-4b41-a1c0-545a9bf76a00,heineken.careers,available,26.08,57.13,high,low,8,spaceship,,,02/10/2026 08:05
7423c90c-2865-4cc7-812b-2375b36c1c1d,summary.careers,available,34.99,71.99,high,low,7,namesilo,,,23/09/2026 17:08
197eb7be-dea0-4f35-86b4-ec6248d31f56,swiftly.careers,available,26.08,57.13,high,low,7,spaceship,,,28/09/2026 14:53
5729a4be-2954-4701-b31c-f4c0f56fa741,grandkids.careers,available,34.99,71.99,medium,low,9,namesilo,,,19/09/2026 23:28
d7c66de9-e65d-44be-8d8c-d66d144c1564,bucolic.careers,available,28.98,89.98,high,low,7,namecheap,,,06/08/2026 14:14
8cc4397c-4602-42e0-8c2d-13cf88482867,finger.careers,available,34.99,71.99,high,low,6,namesilo,,,25/09/2026 06:02
401c2eff-86b1-480f-817e-229d3fd437b2,bitchy.careers,available,28.98,89.98,medium,low,6,namecheap,,,10/08/2026 07:17
adc38a67-620c-452f-830e-bb294e9d0605,antwerp.careers,available,34.99,71.99,medium,low,7,namesilo,,,19/09/2026 15:48
49d8bfab-bbe5-4824-9344-4830014e9928,explored.careers,available,26.08,57.13,medium,low,8,spaceship,,,29/09/2026 23:24
e1ddff4e-c7fa-441f-9a9f-99274190602d,ultimatum.careers,available,34.99,71.99,high,low,9,namesilo,,,30/09/2026 11:14
871c0113-7b12-43da-b994-d192c9c10c98,nickname.careers,available,34.99,71.99,high,low,8,namesilo,,,24/09/2026 11:25
144be3a2-82d9-46a5-b03e-bb0b55d620db,fatalist.careers,available,28.98,89.98,medium,low,8,namecheap,,,17/08/2026 23:29
266dda07-db2b-4f3b-a72f-04737f8fb56b,louche.careers,available,28.98,89.98,medium,low,6,namecheap,,,24/08/2026 10:02
c4ae183d-49a5-4667-b4e6-abd6eda0bbc6,venal.careers,available,28.98,89.98,medium,low,5,namecheap,,,11/08/2026 03:46
03e38a67-4c58-47a9-b1df-e3df069afbae,byron.careers,available,26.08,57.13,medium,low,5,spaceship,,,28/09/2026 18:32
43b514a9-5a64-4dc1-87b2-fdfbc41e8578,rang.careers,available,49.99,,medium,low,4,name.com,,,
9a1fad50-bd1b-44bc-a04a-361564519595,decaying.careers,available,34.99,71.99,medium,low,8,namesilo,,,01/10/2026 06:00
4f16af2e-09da-4254-8d29-779b4a0cc344,anglicans.careers,available,28.98,89.98,medium,low,9,namecheap,,,01/10/2026 17:55
aaef7381-884b-49f6-899d-bad2adcba97d,candles.careers,available,34.99,71.99,high,low,7,namesilo,,,18/09/2026 07:24
73909c78-99c1-44fd-a662-f116c919b1ea,attributed.careers,available,55.2,55.2,medium,low,10,cloudflare,,,30/09/2026 14:55
895a22c9-4a27-4948-9bcc-6d4942100b29,concordia.careers,available,55.2,55.2,high,low,9,cloudflare,,,27/09/2026 20:47
9bd04c49-16f7-48ad-9db2-ffb825d86ccd,ridley.careers,available,34.99,71.99,high,low,6,namesilo,,,30/09/2026 02:43
867ff874-397f-4837-9ddf-289527f0dc79,catcher.careers,available,34.99,71.99,high,low,7,namesilo,,,21/09/2026 16:05
654e2ff9-36e8-4fb0-8c2e-3fe74b0dddcb,dunedin.careers,available,26.08,57.13,medium,low,7,spaceship,,,29/09/2026 03:53
d668b89b-c2af-45af-ae88-a8431e29834a,agreements.careers,available,28.98,89.98,medium,low,10,namecheap,,,17/09/2026 03:09
ae931b33-8da8-4403-ac78-5b8f3997b91d,would.careers,available,26.08,57.13,high,low,5,spaceship,,,30/09/2026 21:57
ee1a39a3-e7bd-42f1-a227-6e774bb31bd3,represents.careers,available,34.99,71.99,medium,low,10,namesilo,,,28/09/2026 05:02
d0e7c010-a49d-47d3-8119-7fa109992583,frankly.careers,available,28.98,89.98,high,low,7,namecheap,,,14/09/2026 05:08
3975b61f-930c-42c7-b4d7-6e3976f84142,celsius.careers,available,34.99,71.99,high,low,7,namesilo,,,19/09/2026 04:00
eb2dc9de-75b3-4439-b57e-1bce0fb057d2,matilda.careers,available,55.2,55.2,high,low,7,cloudflare,,,29/09/2026 03:20
a8fa94bc-da09-44ca-9bc5-9d6cea4df871,uncommon.careers,available,28.98,89.98,high,low,8,namecheap,,,12/09/2026 05:57
932f63c5-4290-4c1d-83d3-d815afeb0df6,eos.careers,available,26.08,57.13,high,low,3,spaceship,,,29/09/2026 06:47
1a929957-fed8-44e1-bbb2-19c60fd7d14d,serum.careers,available,34.99,71.99,high,low,5,namesilo,,,29/09/2026 06:06
ff3c53b6-6784-4f36-9c7b-21ebdce98b46,delible.careers,available,28.98,89.98,low,low,7,namecheap,,,14/08/2026 00:35
695f9867-f406-42bb-8545-6973447d4a94,uml.careers,available,34.99,71.99,high,low,3,namesilo,,,02/10/2026 13:27
833c2472-8cef-4923-bf40-2ed2fb9866a7,ouachita.careers,available,34.99,71.99,medium,low,8,namesilo,,,30/09/2026 10:40
e66a7880-1bd7-4d76-b004-57cc2c85c559,wallachia.careers,available,34.99,71.99,medium,low,9,namesilo,,,01/10/2026 23:44
bde23d35-7cc0-4c74-bc39-414a02c7c3b1,eternal.careers,available,34.99,71.99,high,medium,7,namesilo,,,21/09/2026 22:47
8a8ff112-3529-4ceb-9f53-9c0d34301892,baldr.careers,available,28.98,89.98,medium,low,5,namecheap,,,21/09/2026 21:35
5dcd4557-fd38-4f1b-a1cf-bf71f5828815,stud.careers,available,34.99,71.99,high,low,4,namesilo,,,24/09/2026 23:35
46237819-b821-49b1-aace-0063b1acdcc5,capsulize.careers,available,28.98,89.98,medium,low,9,namecheap,,,11/08/2026 18:15
2fee5872-6d47-4a11-97d8-b0fe79590687,crudely.careers,available,28.98,89.98,medium,low,7,namecheap,,,13/09/2026 20:58
82fda945-424f-4e22-917e-84ec5defbe52,humanistic.careers,available,28.98,89.98,high,low,10,namecheap,,,21/08/2026 14:53
34501946-a055-4687-901c-584b92175166,eileen.careers,available,34.99,71.99,medium,low,6,namesilo,,,26/09/2026 03:31
0bc7b58a-e151-46e0-a7dd-debab0a6c066,radish.careers,available,28.98,89.98,high,low,6,namecheap,,,24/09/2026 20:53
749a5e26-62e6-4d4c-8ff6-83ecde9e4e29,mckenna.careers,available,16.27,59.07,high,low,7,dynadot,,,27/09/2026 19:59
a3e52f2d-dc12-4cd2-8039-9babd48c37a4,avoided.careers,available,26.08,57.13,low,low,7,spaceship,,,29/09/2026 05:05
12a7a10e-e354-42f2-9cdf-ff7d6e1f6668,clarksburg.careers,available,34.99,71.99,medium,low,10,namesilo,,,02/10/2026 14:39
3df636c6-e99e-450a-8b87-383944d4f50f,salon.careers,premium,520,520,high,low,5,namecheap,,,22/09/2026 22:23
e5f00242-1828-4a5c-a515-6da5e199d210,streamers.careers,available,28.98,89.98,medium,low,9,namecheap,,,20/09/2026 01:44
4248ce82-195d-45b4-8516-df9fda118e71,composing.careers,available,34.99,71.99,high,low,9,namesilo,,,24/09/2026 16:54
54bb5a93-d5c4-432d-9eea-92b1d1d4523e,photographed.careers,available,34.99,71.99,medium,low,12,namesilo,,,21/09/2026 09:25
4710ed45-54b2-4167-a077-cc25b44c2e57,borrow.careers,available,34.99,71.99,high,low,6,namesilo,,,30/09/2026 16:13
7ec6a447-1724-48dd-8901-5910a86ee631,dom.careers,available,16.27,59.07,high,medium,3,dynadot,,,28/09/2026 07:01
b279d438-9f6c-4a1c-9c8e-aedf1327b2a2,amative.careers,available,28.98,89.98,medium,low,7,namecheap,,,
a5438397-61a2-49be-916c-e7a692f53e6b,lettered.careers,available,28.98,89.98,medium,low,8,namecheap,,,22/08/2026 16:54
bebd0ef8-b7b3-4b50-a1ae-70aa74a67c92,undeniably.careers,available,34.99,71.99,medium,low,10,namesilo,,,16/09/2026 09:52
2c2fb481-3755-498b-801c-5b2bff5cafb7,nod.careers,available,15.96,57.16,high,low,3,porkbun,,,28/09/2026 10:34
08058467-9a20-44a5-bc1b-5e436a8af876,his.careers,available,26.08,57.13,high,low,3,spaceship,,,01/10/2026 11:33
dd3f1c2d-91a5-43f3-a7ad-e63e50410be9,zeke.careers,available,26.08,57.13,medium,low,4,spaceship,,,01/10/2026 08:02
415b5f1d-589f-4933-a899-c9bcabeffa4c,blois.careers,available,34.99,71.99,medium,low,5,namesilo,,,30/09/2026 21:55
809efcda-9854-45bf-bc3e-760893591fe8,hoar.careers,available,28.98,89.98,medium,low,4,namecheap,,,20/08/2026 19:18
5ba986f7-91f9-4d2d-885b-3f5ae86ace15,involve.careers,available,34.99,71.99,high,low,7,namesilo,,,30/09/2026 05:28
dbe37cc6-5efe-4cc1-a413-809544f0a382,destined.careers,available,34.99,71.99,high,low,8,namesilo,,,24/09/2026 06:55
6d83b820-99c2-48bb-a55a-fa2c1fdffd0c,trilateral.careers,available,28.98,89.98,medium,low,10,namecheap,,,11/09/2026 14:28
8329c84d-6831-443a-abf3-7fc0c1eb6ff7,stuttgart.careers,available,34.99,71.99,high,low,9,namesilo,,,25/09/2026 10:46
94b350ec-ad8f-4b32-85d6-ef4532b293c2,townes.careers,available,28.98,89.98,medium,low,6,namecheap,,,02/10/2026 23:57
f23ca196-5765-4072-ac06-c80910019c8c,cross.careers,available,34.99,71.99,high,low,5,namesilo,,,22/09/2026 16:13
d7584805-705e-46ca-8309-c2038b0b2761,europium.careers,available,34.99,71.99,medium,low,8,namesilo,,,20/09/2026 23:26
18fd2e93-27b3-4fc5-9a17-7091c9e47f30,typefaces.careers,available,26.08,57.13,medium,low,9,spaceship,,,02/10/2026 13:50
be5e147e-ba87-48b0-99bd-d444ca285b45,danger.careers,available,26.08,57.13,high,low,6,spaceship,,,29/09/2026 13:11
3db22971-3997-47ec-bd4a-d523232c5860,chamberlain.careers,available,34.99,71.99,medium,low,11,namesilo,,,01/10/2026 22:56
c51a561d-6a41-4439-a6b6-65cb5158b50f,nighttime.careers,available,26.08,57.13,high,low,9,spaceship,,,03/10/2026 01:44
0b98fa8f-0eb9-4e87-8bcb-32c247abb912,coordinating.careers,available,26.08,57.13,medium,low,12,spaceship,,,30/09/2026 07:45
bd094945-e56b-46cb-b760-ea440ee87c9d,passport.careers,available,34.99,71.99,high,low,8,namesilo,,,27/09/2026 04:57
60cf091b-7624-4aaf-b1e9-1cf87f18dbc0,denominate.careers,available,28.98,89.98,medium,low,10,namecheap,,,14/08/2026 03:43
1db7fce5-a97d-4fd6-a735-13faca031d9b,voss.careers,available,26.08,57.13,medium,low,4,spaceship,,,29/09/2026 03:14
0e733d17-f7ec-4478-8d7d-29f8c27647de,crabwise.careers,available,28.98,89.98,medium,low,8,namecheap,,,13/08/2026 04:14
d156a7a0-08b6-408e-a2b0-5143108dab38,manuela.careers,available,26.08,57.13,high,low,7,spaceship,,,02/10/2026 19:56
17915708-d46e-4a73-bf58-e7bbe263503a,afa.careers,available,34.99,71.99,high,low,3,namesilo,,,01/10/2026 07:24
ea484371-085d-4815-8892-d5364e609c05,novosibirsk.careers,available,34.99,71.99,medium,low,11,namesilo,,,30/09/2026 05:10
bba74f1b-c2d8-475b-81f8-04ed1e2d9b0d,synaptic.careers,available,28.98,89.98,high,low,8,namecheap,,,11/09/2026 06:09
8d1d592f-2bc2-4127-ae24-7e7a2616b4bf,stuff.careers,available,28.98,89.98,high,low,5,namecheap,,,25/09/2026 17:52
2c05df11-5feb-460d-95ce-fcdd78595708,carrillo.careers,available,15.96,57.16,high,low,8,porkbun,,,30/09/2026 05:28
dab53640-ae4c-403a-9b9e-2cd48ef47462,feed.careers,available,28.98,89.98,high,low,4,namecheap,,,25/09/2026 05:56
dff7ac94-2b63-45eb-b460-0b602a533110,handbasket.careers,available,34.99,71.99,medium,low,10,namesilo,,,22/09/2026 11:03
039f0dc6-720b-43c1-9fcd-5b884f8f33d8,nihon.careers,available,16.27,59.07,high,low,5,dynadot,,,29/09/2026 13:34
eab937b7-b4c5-474c-a7b0-67d9f73781ec,spectators.careers,available,34.99,71.99,medium,low,10,namesilo,,,30/09/2026 06:28
03240b24-0e24-4489-85c5-f35ba648501f,bise.careers,available,28.98,89.98,medium,low,4,namecheap,,,23/09/2026 21:37
c9fa08b5-5d59-4872-8a94-0890a2fb7a8e,threescore.careers,available,28.98,89.98,medium,low,10,namecheap,,,
d337dff5-54b2-4d8a-8ad2-5d34ed8aef2f,neckless.careers,available,28.98,89.98,medium,low,8,namecheap,,,03/09/2026 14:41
721ebbdd-028e-4dd7-9ba5-0b73255d737c,fleshy.careers,available,28.98,89.98,medium,low,6,namecheap,,,18/08/2026 08:02
be075523-f104-469e-9aa1-dcbaee809081,snobby.careers,available,28.98,89.98,medium,low,6,namecheap,,,12/08/2026 11:23
3b20c49c-57a3-4a1a-b602-a633c1c5d13c,panadol.careers,available,34.99,71.99,high,low,7,namesilo,,,16/09/2026 23:53
1c96c038-0ebd-43ce-bc90-1e2b48997fd9,vagrant.careers,available,28.98,89.98,high,low,7,namecheap,,,14/08/2026 19:18
8986896c-9f62-4f7c-9c0b-6b4f1196ecab,swans.careers,available,26.08,57.13,medium,low,5,spaceship,,,01/10/2026 16:56
92283c32-f6c2-466e-9ba1-8c7766c49710,baneberry.careers,available,28.98,89.98,medium,low,9,namecheap,,,22/09/2026 01:43
825b1020-765f-46df-98b2-6517d73ce686,conceivable.careers,available,26.08,57.13,medium,low,11,spaceship,,,02/10/2026 02:06
f46a4cec-aab2-49b7-939b-a4d535a05049,dodgy.careers,available,28.98,89.98,medium,low,5,namecheap,,,12/08/2026 01:46
ad970cc7-a457-4c8e-bf8d-1f0deff89fd5,broadleaf.careers,available,28.98,89.98,high,low,9,namecheap,,,11/08/2026 04:57
cd6f2e7f-f051-4042-b517-d9cfac2961c1,prow.careers,available,28.98,89.98,medium,low,4,namecheap,,,18/08/2026 11:28
af20b87f-9960-4788-8e1e-111c6f01dade,centralia.careers,available,26.08,57.13,medium,low,9,spaceship,,,02/10/2026 10:19
d4ebe3ae-e4c5-4312-9673-f1ea7efc00c4,illyrian.careers,available,15.96,57.16,medium,low,8,porkbun,,,02/10/2026 05:23
6a85b6d7-3873-4c0c-9575-88c38f5fab2a,tennis.careers,premium,118.8,118.8,high,low,6,namesilo,,,30/09/2026 02:23
b0fd9c30-02ad-4f79-a86d-777afd0b34e1,pilgrims.careers,available,55.2,55.2,medium,low,8,cloudflare,,,29/09/2026 11:05
3fb8d7d1-0a08-469c-9ddc-fcc67323a4bb,crossbow.careers,available,26.08,57.13,high,low,8,spaceship,,,02/10/2026 14:48
67c159b9-8c80-46ce-bd75-4fda4069e106,wrapped.careers,available,28.98,89.98,high,low,7,namecheap,,,
d5808579-5509-4ce3-a8f2-ae805003e315,haines.careers,available,55.2,55.2,medium,low,6,cloudflare,,,28/09/2026 04:08
3555e454-bfad-46c5-8e5b-f9124ab4f753,diffusion.careers,available,34.99,71.99,high,low,9,namesilo,,,02/10/2026 14:51
7204bc5f-662c-46da-8c9c-3bbce9d6b4ab,cores.careers,available,34.99,71.99,medium,low,5,namesilo,,,01/10/2026 16:54
9dae07e4-f8c9-43b7-b83d-653c8f722c19,opencut.careers,available,28.98,89.98,medium,low,7,namecheap,,,04/09/2026 16:10
af27248c-1bf3-436a-b7ef-3b8278bd2f2a,agamic.careers,available,28.98,89.98,medium,low,6,namecheap,,,
bec9cbda-8f39-4098-ac48-49ba742f8e01,milestone.careers,available,26.08,57.13,high,low,9,spaceship,,,30/09/2026 02:17
80b33a5f-89aa-42ad-8eb4-155791937df5,vectors.careers,available,34.99,71.99,medium,low,7,namesilo,,,01/10/2026 00:02
4f382ab9-e4e1-4030-b4b7-744444e8542c,ellsworth.careers,available,16.27,59.07,medium,low,9,dynadot,,,27/09/2026 13:20
a0d97d98-26e6-47a6-98f8-6d87dd56ea8f,pawky.careers,available,28.98,89.98,medium,low,5,namecheap,,,08/09/2026 10:57
da9a96d4-edf3-4bb0-9ad8-82c5c351a1db,snug.careers,available,28.98,89.98,high,low,4,namecheap,,,12/08/2026 12:11
14f7b5fe-1874-42f5-a655-ebd3e0b924d9,assembled.careers,available,55.2,55.2,medium,low,9,cloudflare,,,28/09/2026 23:20
e367e572-3acc-40bd-ab21-3799114edc80,bawling.careers,available,28.98,89.98,medium,low,7,namecheap,,,13/09/2026 07:42
4b763a2b-2f7d-4f9a-93db-fa0a0221ecee,fiscally.careers,available,28.98,89.98,medium,low,8,namecheap,,,14/09/2026 18:37
18e671fc-174f-4758-abf0-35ab0021860e,womb.careers,available,55.2,55.2,high,low,4,cloudflare,,,28/09/2026 20:42
7638f05c-f6e9-40d9-8391-78d3c5ef5899,vanquish.careers,available,28.98,89.98,high,low,8,namecheap,,,09/08/2026 05:32
321976d9-6168-4ac3-a46c-a4ea62cc80e9,aliment.careers,available,34.99,71.99,medium,low,7,namesilo,,,18/09/2026 07:56
634d5aee-09cd-4e86-ac41-dc0175901659,glib.careers,available,28.98,89.98,medium,low,4,namecheap,,,20/08/2026 14:26
f89c2351-3838-43c9-a92b-2599f8b9030d,stereotypes.careers,available,34.99,71.99,medium,low,11,namesilo,,,02/10/2026 13:30
d3be2114-c2dd-4bdc-9823-b709e770a21a,graces.careers,available,34.99,71.99,high,low,6,namesilo,,,02/10/2026 21:53
c43cac39-7b80-419b-947b-927f5682881a,damnably.careers,available,29.99,94.99,low,low,8,name.com,,,13/08/2026 16:35
0070e879-398b-4f5f-af28-97dba4ba1fe0,courtship.careers,available,26.08,57.13,high,low,9,spaceship,,,29/09/2026 18:31
dcce7fe9-9938-4faa-97ee-2b20677e2538,cymry.careers,available,28.98,89.98,medium,low,5,namecheap,,,13/09/2026 10:45
9048658f-a0a7-4473-baca-156457fe52f6,getatable.careers,available,28.98,89.98,medium,low,9,namecheap,,,18/08/2026 23:00
06d515dc-ca6d-4c5d-835a-2624f241a636,curtiss.careers,available,34.99,71.99,high,low,7,namesilo,,,27/09/2026 12:50
fb8bb45a-6e46-44fb-aa64-181918bc1bbc,plow.careers,available,26.08,57.13,high,low,4,spaceship,,,02/10/2026 04:34
62433434-7139-4807-89d8-87446a35608d,spicy.careers,available,34.99,71.99,high,low,5,namesilo,,,24/09/2026 22:14
1cba0fe7-f9c8-44f7-bb19-8b6a05d8121a,cosmetics.careers,premium,242,242,high,low,9,namesilo,,,29/09/2026 04:53
7f55a247-814a-443c-b8f4-8ad43d443d5a,plausibly.careers,available,28.98,89.98,medium,low,9,namecheap,,,14/09/2026 09:28
0c5b68e8-7e22-4354-8636-10d3f3da93ce,lise.careers,available,16.27,59.07,medium,low,4,dynadot,,,02/10/2026 00:14
06b23d88-f7a6-4f69-8bee-a6226904ac61,leaky.careers,available,28.98,89.98,medium,low,5,namecheap,,,22/08/2026 22:01
7541ad4f-5e56-425b-8513-d2870426394b,blowhard.careers,available,28.98,89.98,medium,low,8,namecheap,,,11/08/2026 01:19
7c5a910b-cfe5-455b-806b-f7dfdfd909cb,senescence.careers,available,34.99,71.99,medium,low,10,namesilo,,,17/09/2026 16:52
51aa75f2-f87b-4f0c-add0-c6015b1ad4b4,boland.careers,available,16.27,59.07,medium,low,6,dynadot,,,29/09/2026 04:35
55f43d90-9e7f-4bc8-af15-6c05754dde81,harlem.careers,available,55.2,55.2,medium,low,6,cloudflare,,,28/09/2026 10:00
2a7e5e2a-34d5-4ac9-b816-93d4552a3022,inorganic.careers,available,28.98,89.98,high,low,9,namecheap,,,22/08/2026 06:11
0b513456-2cf9-41a1-b0f4-0ddd81bdf85b,victim.careers,available,34.99,71.99,high,low,6,namesilo,,,29/09/2026 17:12
e612688d-ec17-4300-ba64-4fb1d7c6ed5f,favre.careers,available,34.99,71.99,medium,low,5,namesilo,,,02/10/2026 08:47
c74bef24-7e73-46e6-9fc1-eea515f81100,paradise.careers,available,34.99,71.99,high,low,8,namesilo,,,25/09/2026 22:31
7223984c-2887-4df1-b35d-4903ccc44256,mannerism.careers,available,28.98,89.98,medium,low,9,namecheap,,,17/09/2026 14:14
c10cd813-8052-44e8-96b1-7ddeaf4296ec,marched.careers,available,34.99,71.99,medium,low,7,namesilo,,,29/09/2026 10:58
6c9e9525-ae0c-4b7d-bf08-33b333a5d01e,assiduous.careers,available,28.98,89.98,medium,low,9,namecheap,,,07/08/2026 06:09
5808cf02-c67f-471e-992a-51ffadef132d,wanderer.careers,available,28.98,89.98,high,low,8,namecheap,,,23/09/2026 20:11
107ff118-6d1c-4450-a438-2bf55c420231,mathew.careers,available,26.08,57.13,medium,low,6,spaceship,,,28/09/2026 16:30
bcf75558-f7d2-4588-99e3-229271d3eae6,fulfilling.careers,available,16.27,59.07,high,low,10,dynadot,,,29/09/2026 21:22
a087f306-17f5-4f9f-a131-d70b5f9ccb35,hesitate.careers,available,26.08,57.13,medium,low,8,spaceship,,,28/09/2026 20:09
a5d54763-c566-49c3-8160-f38ae808a676,iloilo.careers,available,34.99,71.99,medium,low,6,namesilo,,,01/10/2026 12:16
be1cf318-47a2-4206-a009-681623a58ee0,arranger.careers,available,34.99,71.99,medium,low,8,namesilo,,,17/09/2026 06:29
60112961-e4aa-4c1d-880a-468166f8daaf,adenium.careers,available,34.99,71.99,medium,low,7,namesilo,,,17/09/2026 07:28
de04212d-c635-4c64-be9d-a3bfb5bfac89,pew.careers,available,34.99,71.99,high,low,3,namesilo,,,02/10/2026 04:22
5ef39385-9565-4451-8a3f-497e768816fe,lesson.careers,available,55.2,55.2,high,low,6,cloudflare,,,02/10/2026 21:45
d5299c01-66a4-4e36-a5f2-387188473d16,weedy.careers,available,28.98,89.98,medium,low,5,namecheap,,,09/09/2026 23:44
f5818e65-d928-41d1-b7f8-f6687423f28d,watercress.careers,available,28.98,89.98,medium,low,10,namecheap,,,13/08/2026 06:18
02df020f-41eb-410e-a78e-aa450e837c07,bluetooth.careers,available,55.2,55.2,high,low,9,cloudflare,,,01/10/2026 22:07
6010c858-e004-4e0c-90a3-27d9c94aa324,winterthur.careers,available,34.99,71.99,high,low,10,namesilo,,,02/10/2026 09:54
bcc90a70-f8f3-4369-8a7b-7a6c06e4f550,unoccupied.careers,available,28.98,89.98,medium,low,10,namecheap,,,12/09/2026 16:09
23eab19c-401f-4c41-9f34-c5f583364018,achondrite.careers,available,28.98,89.98,medium,low,10,namecheap,,,17/09/2026 00:54
93c9d663-7282-493c-b969-5431de5ee935,worthy.careers,available,34.99,71.99,high,low,6,namesilo,,,28/09/2026 11:05
402ad43a-7468-45c7-871d-57c763f7fe27,eagerly.careers,available,28.98,89.98,high,low,7,namecheap,,,14/09/2026 14:54
1abc089b-bd02-423f-abd1-362080c61554,sava.careers,available,34.99,71.99,high,low,4,namesilo,,,30/09/2026 05:14
2b1be205-36c5-4a2b-870e-11c5ba981d1d,rufus.careers,available,55.2,55.2,medium,low,5,cloudflare,,,28/09/2026 16:19
b31daff1-32be-47d0-b147-5f554b0ec7a4,orienting.careers,available,28.98,89.98,high,low,9,namecheap,,,04/09/2026 17:56
e97a547b-cfa1-4ca7-9546-ba8b24caad16,integration.careers,available,34.99,71.99,high,low,11,namesilo,,,29/09/2026 23:22
448bae55-889a-4fa2-a257-dd8abcd53eb5,sochi.careers,available,26.08,57.13,medium,low,5,spaceship,,,02/10/2026 09:31
986e608e-78a8-4397-a332-b2ae27ec4ff3,reviewed.careers,available,28.98,89.98,medium,low,8,namecheap,,,29/09/2026 05:52
60ea5826-09f7-4572-99f4-56ab1640d786,henson.careers,available,34.99,71.99,medium,low,6,namesilo,,,28/09/2026 14:26
445d8d57-91ea-411f-ad61-010cbe6dc00c,dhaka.careers,available,55.2,55.2,medium,low,5,cloudflare,,,29/09/2026 06:13
199ec8cf-25b1-47af-9c54-a5f3a8758240,sixpenny.careers,available,28.98,89.98,medium,low,8,namecheap,,,10/09/2026 09:06
38e85667-691b-4b90-a766-d2968918fbfe,storrs.careers,available,15.96,57.16,medium,low,6,porkbun,,,30/09/2026 22:16
95f049a2-5fd0-4749-9319-7774bfaca83b,hints.careers,available,26.08,57.13,medium,low,5,spaceship,,,30/09/2026 00:13
7d1b3e01-0538-44f7-b525-bc029acdd9e1,ebionite.careers,available,28.98,89.98,medium,low,8,namecheap,,,14/08/2026 23:04
bc45d08d-b277-4b3f-b973-48a175dce6ed,revolution.careers,available,28.98,89.98,high,low,10,namecheap,,,29/09/2026 21:55
0bc4fb06-0928-480c-bf47-bb5c109e0873,bambusa.careers,available,34.99,71.99,medium,low,7,namesilo,,,22/09/2026 00:41
fd735837-a5f6-47ee-ba04-e7f7963d64e7,cruddy.careers,available,28.98,89.98,medium,low,6,namecheap,,,13/08/2026 08:44
15d27183-adf8-4bca-92c6-431d87a8e7a3,dissonant.careers,available,28.98,89.98,medium,low,9,namecheap,,,07/08/2026 12:26
721e921c-ea37-4177-b386-f6f781d45290,runaway.careers,available,26.08,57.13,medium,low,7,spaceship,,,02/10/2026 11:19
7f61f1b7-8ca4-453e-a026-e1706402e31b,ribbing.careers,available,28.98,89.98,medium,low,7,namecheap,,,11/09/2026 10:01
9cc5682e-5136-408e-90c0-f4eb4a7eb778,pcl.careers,available,15.96,57.16,high,low,3,porkbun,,,30/09/2026 21:08
365103b9-1482-406f-815e-d71587fe3d14,turret.careers,available,26.08,57.13,high,low,6,spaceship,,,01/10/2026 19:53
6870356e-62b1-4052-9f0c-cd33c56d3175,doggo.careers,available,28.98,89.98,medium,low,5,namecheap,,,14/09/2026 13:35
f9b63eb6-9777-4487-8146-79974bb5b6c2,unipolar.careers,available,28.98,89.98,medium,low,8,namecheap,,,12/09/2026 13:46
fd91b3ca-1c7e-4d44-8596-c55da3f40203,oncologic.careers,available,28.98,89.98,medium,low,9,namecheap,,,04/09/2026 14:25
1dc8fe49-7fd4-4116-9300-b959d97d59f6,phrase.careers,available,34.99,71.99,high,low,6,namesilo,,,29/09/2026 23:31
de1e5584-e75e-4fde-b730-18990a85d3b2,easterly.careers,available,28.98,89.98,medium,low,8,namecheap,,,14/08/2026 22:51
440cccdd-a8ff-4789-959c-4b167edb8d58,charnel.careers,available,28.98,89.98,medium,low,7,namecheap,,,12/08/2026 02:37
fb608cc6-4ad5-4e46-96c4-8771313a525c,antlia.careers,available,34.99,71.99,medium,low,6,namesilo,,,19/09/2026 15:21
5e98351b-779d-47ac-a086-33e056a42848,oxfordshire.careers,available,26.08,57.13,medium,low,11,spaceship,,,29/09/2026 03:45
95f85e5d-13c3-4794-bc51-2b541df59188,sight.careers,available,28.98,89.98,high,low,5,namecheap,,,25/09/2026 20:56
f93e2e5e-94ca-4883-8604-f3ca40b908b6,handiness.careers,available,34.99,71.99,medium,low,9,namesilo,,,16/09/2026 22:18
b3a627ed-52c3-4894-b4b7-47200b76802a,lacklustre.careers,available,28.98,89.98,medium,low,10,namecheap,,,22/08/2026 18:09
c0544f96-6323-4b4a-8ca0-f66e67ab1173,omar.careers,available,34.99,71.99,high,low,4,namesilo,,,25/09/2026 15:21
55788019-d378-4969-8bd6-f5ce5fbe6d79,epochal.careers,available,28.98,89.98,medium,low,7,namecheap,,,17/08/2026 11:24
87d69dde-e063-4b7b-b576-18ad68ec58c2,uterus.careers,available,16.27,59.07,high,low,6,dynadot,,,29/09/2026 14:06
8f65a96e-26eb-41b8-8b66-2270b8a42993,lividly.careers,available,28.98,89.98,low,low,7,namecheap,,,15/09/2026 12:36
2a78935a-8835-4a8f-ad25-eb1f8fdb4837,bench.careers,available,28.98,89.98,high,low,5,namecheap,,,23/09/2026 07:36
37e0373a-0e42-4f01-80c9-d440395a7ca2,coeliac.careers,available,28.98,89.98,medium,low,7,namecheap,,,12/08/2026 15:21
35371b88-289e-4e84-bc5a-f7356be064bd,alfalfa.careers,available,34.99,71.99,high,low,7,namesilo,,,18/09/2026 06:07
ef929fae-96f6-48a3-8c6e-5fc226b02d21,dickey.careers,available,28.98,89.98,medium,low,6,namecheap,,,14/08/2026 06:29
c747bd5f-f221-4aa7-8930-ee398984d790,beluga.careers,available,28.98,89.98,high,low,6,namecheap,,,17/09/2026 01:49
55c6a3ad-896b-45ef-970e-7a7448be89c3,notability.careers,available,28.98,89.98,high,low,10,namecheap,,,03/09/2026 22:04
3f2382d4-8b36-470c-8453-bddd6d72ed3f,canty.careers,available,28.98,89.98,medium,low,5,namecheap,,,11/08/2026 17:46
c1eff5c5-7282-4c22-8d33-4ddc1442513c,axelrod.careers,available,26.08,57.13,medium,low,7,spaceship,,,02/10/2026 20:17
e0082178-a050-4bbb-803a-bd96d3aa899c,discourse.careers,available,28.98,89.98,high,low,9,namecheap,,,23/09/2026 22:52
71d1cd60-04a3-42dd-b06d-7d6861b1c00a,miry.careers,available,28.98,89.98,medium,low,4,namecheap,,,10/08/2026 17:05
bea7763e-16e3-4e92-8c02-a9b39449102c,initials.careers,available,34.99,71.99,medium,low,8,namesilo,,,28/09/2026 08:37
f967d35a-6d12-4904-aef0-544060a7b7e7,librarian.careers,available,34.99,71.99,high,low,9,namesilo,,,23/09/2026 12:54
ed8f34fc-a74a-4eb9-8877-6e5df1b75eb8,noseless.careers,available,28.98,89.98,low,low,8,namecheap,,,03/09/2026 21:47
0df98752-dc0a-4685-9e5d-a9e3d03963f4,vpn.careers,available,34.99,71.99,high,medium,3,namesilo,,,02/10/2026 17:37
8b1a4c7e-a464-4086-9828-b57131cd6570,goodman.careers,available,34.99,71.99,high,low,7,namesilo,,,23/09/2026 08:16
5fbed9b5-f365-46e5-9fa1-4b888a56be87,architrave.careers,available,34.99,71.99,medium,low,10,namesilo,,,20/09/2026 02:17
95ef0c4e-53e7-485a-aba3-610441478db0,ringer.careers,available,28.98,89.98,high,low,6,namecheap,,,23/09/2026 05:42
cd679a96-4a21-4ba9-a7eb-1db2b9ce74ae,ongoing.careers,available,28.98,89.98,high,low,7,namecheap,,,04/09/2026 13:59
ffefe6fd-ab27-4fc8-a830-46d8eba2ef77,uhf.careers,available,34.99,71.99,high,low,3,namesilo,,,26/09/2026 00:28
775bbc72-5b9b-4000-b3a4-d00a63b9e9e9,ablated.careers,available,28.98,89.98,medium,low,7,namecheap,,,
9c6bf9e0-5a18-48df-bd51-1b4d79e47b63,spherical.careers,available,28.98,89.98,high,low,9,namecheap,,,08/08/2026 10:21
2aeccfc7-a2a8-4594-a24b-c9db15934ee6,triple.careers,available,49.99,121.99,high,low,6,godaddy,,,28/09/2026 02:16
9940cb86-38d6-440a-94a4-a447886f043c,suspicions.careers,available,34.99,71.99,low,low,10,namesilo,,,18/09/2026 08:04
e6c4b18b-a5c1-41c9-a5b4-cbc36bd1011d,lorry.careers,available,55.2,55.2,high,low,5,cloudflare,,,29/09/2026 06:05
5e59824b-a491-4f3d-bab8-d1e6a579487c,shlomo.careers,available,26.08,57.13,medium,low,6,spaceship,,,02/10/2026 00:33
03e53fc1-ab07-4a76-8cfb-3dc421827caf,bars.careers,available,28.98,89.98,high,low,4,namecheap,,,29/09/2026 01:17
29a230dd-d740-4abd-8796-a1cad93f93c1,mazed.careers,available,28.98,89.98,medium,low,5,namecheap,,,07/08/2026 12:07
8eb41ba0-a9de-48a0-b304-21d41d9e5140,kerosene.careers,available,55.2,55.2,high,low,8,cloudflare,,,01/10/2026 18:59
5523028b-5f94-43ba-ae90-d975fb825197,technically.careers,available,34.99,71.99,high,low,11,namesilo,,,19/09/2026 04:54
9c5f724b-a303-4019-ab40-0a2a0efcbd11,jeffreys.careers,available,26.08,57.13,medium,low,8,spaceship,,,02/10/2026 01:14
86d950da-e2d8-4895-9b2d-f08e5b250616,potbelly.careers,available,28.98,89.98,medium,low,8,namecheap,,,22/09/2026 17:43
1507a6a2-3d9b-4a09-b9b3-22f760adbaec,braky.careers,available,28.98,89.98,low,low,5,namecheap,,,11/08/2026 01:57
d10121b9-f158-4d9f-8972-ab5802cc5275,commandery.careers,available,34.99,71.99,medium,low,10,namesilo,,,29/09/2026 00:27
36e78518-2c85-48fb-b6c1-35ddc1c6513f,canis.careers,available,55.2,55.2,high,low,5,cloudflare,,,30/09/2026 08:55
49bc17a4-e747-4517-990a-9b173177bb79,hooter.careers,available,34.99,71.99,medium,low,6,namesilo,,,21/09/2026 07:22
66c0ef6a-5324-48cb-b580-bd3303ca763e,opposable.careers,available,28.98,89.98,medium,low,9,namecheap,,,06/08/2026 07:43
bbfef95a-65e4-4be0-90e0-2883fadff741,modoc.careers,available,28.98,89.98,high,low,5,namecheap,,,02/10/2026 09:46
f0037455-c6c8-448d-a6cc-3232e7a6f6ac,aspidistra.careers,available,34.99,71.99,medium,low,10,namesilo,,,20/09/2026 15:15
e09fe5c6-6e85-40ce-aa09-c58e5e1a4cbc,omit.careers,available,34.99,71.99,high,low,4,namesilo,,,30/09/2026 05:29
e4c16149-58d6-40a6-b522-17781c48003e,bartender.careers,premium,260,260,high,low,9,namecheap,,,22/09/2026 06:18
4384ebd5-46a4-43ce-96a2-5fc841566bdc,maximilian.careers,available,28.98,89.98,high,low,10,namecheap,,,27/09/2026 07:16
c7ebb16a-5303-4008-b692-9aa65066ef43,distinguish.careers,available,55.2,55.2,medium,low,11,cloudflare,,,28/09/2026 21:05
5baa78f5-b548-4f4e-b3b2-37b7146db71e,liberated.careers,available,28.98,89.98,high,low,9,namecheap,,,16/08/2026 06:20
17526856-5ff0-4c85-b3cc-03cb33ee3cd9,axilla.careers,available,28.98,89.98,medium,low,6,namecheap,,,20/09/2026 07:40
475fa593-f5d4-42c9-a18e-60c1eea5a7e3,homeric.careers,available,28.98,89.98,medium,low,7,namecheap,,,08/09/2026 09:34
99481711-20ba-45a2-83b9-e780156810b1,rallied.careers,available,34.99,71.99,medium,low,7,namesilo,,,02/10/2026 23:05
a86f1fc6-bc59-44ab-894c-18b81ff00373,hurricane.careers,available,26.08,57.13,high,low,9,spaceship,,,27/09/2026 14:11
528d0a05-a911-419d-84fd-d0a98e277d52,bawl.careers,available,34.99,71.99,medium,low,4,namesilo,,,23/09/2026 06:25
1a4a62cb-08c9-46af-8606-d709cb3b9166,borrowing.careers,available,34.99,71.99,medium,low,9,namesilo,,,28/09/2026 09:11
81e49ca5-8e5e-4061-a8ed-19e80ee1a68e,shrieking.careers,available,28.98,89.98,medium,low,9,namecheap,,,09/09/2026 23:55
a46f3e98-c826-47de-9172-bb54c5a2becf,compulsion.careers,available,26.08,57.13,medium,low,10,spaceship,,,01/10/2026 19:03
a702ba54-bd3d-4813-9e4e-d1090f628208,designer.careers,premium,512,512,high,low,8,namesilo,,,20/09/2026 02:12
ff7446e8-c1df-4783-9468-bac00f3618a9,torture.careers,available,28.98,89.98,high,low,7,namecheap,,,11/09/2026 18:03
30ebd605-90af-49ea-a0c8-a78b2a4f66f5,sift.careers,available,26.08,57.13,high,low,4,spaceship,,,30/09/2026 21:25
0a20f410-12ba-4fe5-933a-60745ae30452,isaac.careers,available,26.08,57.13,high,low,5,spaceship,,,28/09/2026 19:31
f697712a-c9f5-4a4c-bc7d-e7b7d449cfa0,demographic.careers,available,28.98,89.98,high,low,11,namecheap,,,29/09/2026 14:24
1d131518-13d0-4e57-a2df-b0c81e837b98,autostrada.careers,available,34.99,71.99,high,low,10,namesilo,,,21/09/2026 07:54
4311b2c5-bde8-444b-84f5-1a21a1099de1,bedsit.careers,available,28.98,89.98,medium,low,6,namecheap,,,22/09/2026 23:36
ccbc999d-9ba2-4f76-9e9e-bd76e17f2433,trolley.careers,available,55.2,55.2,high,low,7,cloudflare,,,29/09/2026 14:00
ececc169-b0ca-4bfc-9d41-ff17b9953feb,morrow.careers,available,26.08,57.13,high,low,6,spaceship,,,01/10/2026 20:41
790f9c78-eacb-412d-98f8-10827cee84ec,masturbation.careers,available,34.99,71.99,medium,low,12,namesilo,,,30/09/2026 14:21
9d2d63f2-06ce-4aa5-ad97-fbf243b641d1,sia.careers,available,55.2,55.2,high,low,3,cloudflare,,,29/09/2026 09:25
83477584-0f6e-4b86-aa8e-1cc233c5c7f3,unwell.careers,available,28.98,89.98,medium,low,6,namecheap,,,
0f2a5c80-1b25-499c-8dc7-cd9281c1defe,clipboards.careers,available,34.99,71.99,medium,low,10,namesilo,,,20/09/2026 11:59
730abb34-a3c9-4a6a-85ca-3d989a26bfbc,retarded.careers,available,28.98,89.98,medium,low,8,namecheap,,,27/09/2026 13:11
975713e9-293c-44b6-84db-688f5fd36a44,netted.careers,available,28.98,89.98,medium,low,6,namecheap,,,03/09/2026 16:02
5d5e133e-c7bd-48bb-b74c-255f09fb482d,fainting.careers,available,55.2,55.2,medium,low,8,cloudflare,,,01/10/2026 22:58
1afb6637-64a2-443f-8d2d-6df8dd09683d,biogenic.careers,available,28.98,89.98,high,low,8,namecheap,,,10/08/2026 01:27
289cb1f7-be35-4bfe-ae0d-af4008c4a986,secondary.careers,available,34.99,71.99,high,low,9,namesilo,,,25/09/2026 12:14
2a879cb7-7dce-464a-b77e-d97b0b34c262,calico.careers,available,28.98,89.98,high,low,6,namecheap,,,11/08/2026 14:19
d60efd41-6ce8-44be-a5b2-c363a46bb799,jesuit.careers,available,28.98,89.98,high,low,6,namecheap,,,22/08/2026 13:03
69800bd9-8787-42f6-8db9-019c424ae02a,heating.careers,available,28.98,89.98,high,low,7,namecheap,,,13/09/2026 08:24
b4d5a8b9-1c1f-4af7-a9d1-a78dbbfb2010,tir.careers,available,26.08,57.13,high,low,3,spaceship,,,03/10/2026 03:59
f164edf5-7673-4d6b-ba85-71234d85fe5c,required.careers,available,28.98,89.98,high,low,8,namecheap,,,23/09/2026 18:27
5aac7c8e-be3b-41a2-9b1e-eb5f8400cbe6,emma.careers,available,28.98,89.98,high,medium,4,namecheap,,,25/09/2026 12:33
78f2a2e1-8f85-424b-8472-9ea21bd43f2f,notices.careers,available,34.99,71.99,medium,low,7,namesilo,,,20/09/2026 07:18
77099a63-2e34-44d9-a54b-cdd8bcc27639,barky.careers,available,28.98,89.98,medium,low,5,namecheap,,,08/08/2026 19:46
1841bb7d-7d69-440d-8854-ce5236cd13a2,unequalled.careers,available,28.98,89.98,high,low,10,namecheap,,,12/09/2026 09:11
2fb3f3c9-f1ec-47fb-9b1e-ef153ca8d7c5,nonrandom.careers,available,28.98,89.98,medium,low,9,namecheap,,,03/09/2026 20:26
279f003c-2d87-411b-9ca6-89d3977d1dd5,hag.careers,available,34.99,71.99,high,low,3,namesilo,,,23/09/2026 04:44
46a7fdc6-c678-44ed-a75d-b121ade35b32,footle.careers,available,28.98,89.98,medium,low,6,namecheap,,,11/09/2026 08:27
65ba22a5-0ddf-4d35-9993-cf30653bb58a,unplayable.careers,available,28.98,89.98,medium,low,10,namecheap,,,12/09/2026 16:54
2d20d40c-4cce-4abb-b042-a23afd7582ee,nipper.careers,available,28.98,89.98,medium,low,6,namecheap,,,25/08/2026 00:05
49d6c6f0-c15e-4da1-971c-694dbc35dbff,enos.careers,available,16.27,59.07,medium,low,4,dynadot,,,01/10/2026 08:05
1c76323e-5ca4-4c91-8a7b-4b33b6369c58,reflexion.careers,available,28.98,89.98,high,low,9,namecheap,,,03/09/2026 11:28
adaf094d-4605-4b08-9957-fe6b6eadf44a,anatolian.careers,available,28.98,89.98,medium,low,9,namecheap,,,19/09/2026 03:29
7b9e745d-99f3-470c-afdc-a902f1d46872,stripling.careers,available,28.98,89.98,medium,low,9,namecheap,,,
c95f7d62-6d9d-4ee4-9d87-8933b71eacf2,conan.careers,available,34.99,71.99,medium,low,5,namesilo,,,28/09/2026 07:59
77cd7a3a-828f-461d-9f00-b4bf48b9dbb3,chock.careers,available,28.98,89.98,medium,low,5,namecheap,,,14/09/2026 06:47
9a26c226-4160-4e56-bdaf-a6b17c1e292f,weimar.careers,available,34.99,71.99,medium,low,6,namesilo,,,26/09/2026 00:31
b5aa1a29-fce0-4c05-9ee5-55a534f1e159,festivity.careers,available,34.99,71.99,high,low,9,namesilo,,,02/10/2026 02:33
d8bec7d3-7196-4866-a08d-d15d13a042e5,aum.careers,available,34.99,71.99,high,low,3,namesilo,,,21/09/2026 04:10
8565211a-ee49-4d99-b68c-b9e3bdb41575,bounder.careers,available,28.98,89.98,medium,low,7,namecheap,,,24/09/2026 02:20
67122837-bc4b-432a-831c-ca49e02413ae,vase.careers,available,34.99,71.99,high,low,4,namesilo,,,28/09/2026 11:03
85815443-61ac-49e4-8823-ae9938a95c09,hayseed.careers,available,28.98,89.98,medium,low,7,namecheap,,,21/08/2026 08:05
f2a7011f-83aa-4254-aeaa-29b948ec8cfa,butt.careers,available,28.98,89.98,medium,low,4,namecheap,,,09/08/2026 10:40
73797f92-eeeb-463a-9ce3-03b70fcb967c,panels.careers,available,28.98,89.98,medium,low,6,namecheap,,,19/09/2026 23:14
7efa74d4-58b0-46e7-8f64-6cc1b80ee63c,sunburned.careers,available,28.98,89.98,medium,low,9,namecheap,,,11/09/2026 01:46
a623cdf0-4e4e-41fa-8ed4-4dd84e7f2d13,rollover.careers,available,34.99,71.99,high,low,9,namesilo,,,16/09/2026 17:22
b74a7c15-ebda-4e82-9f20-b91049b6e09a,lefthanded.careers,available,26.08,57.13,high,low,11,spaceship,,,30/09/2026 22:36
f18a41dd-d73f-4ee2-90c2-6d9e143dd52d,dose.careers,available,55.2,55.2,high,low,4,cloudflare,,,29/09/2026 00:13
a5201a8e-3388-4395-b84d-e6c603045de2,fittest.careers,available,28.98,89.98,medium,low,7,namecheap,,,18/09/2026 04:12
bf96d1a8-8664-4f0e-ace8-e71aa3ae5bb1,caged.careers,available,26.08,57.13,medium,low,5,spaceship,,,02/10/2026 04:01
b4c73ce8-6bb4-44b4-b482-51032ad84b9b,systemic.careers,available,28.98,89.98,high,low,8,namecheap,,,11/09/2026 06:46
ef28ea35-97ad-478d-afe9-e30920967086,moody.careers,available,28.98,89.98,high,low,5,namecheap,,,20/08/2026 14:59
3ecd0e89-5312-4656-8102-72d9859c1fe5,jennifer.careers,available,34.99,71.99,high,low,8,namesilo,,,25/09/2026 14:21
115e698b-8e50-45e7-bbd2-22ae501b942b,lawsuit.careers,available,34.99,71.99,high,low,7,namesilo,,,28/09/2026 05:25
1443972b-021d-4748-bc8f-dc06b29344ce,yelling.careers,available,26.08,57.13,high,low,7,spaceship,,,28/09/2026 06:53
9c7b5b23-1101-45d6-bc5a-2c500ecca82b,xian.careers,available,26.08,57.13,high,low,4,spaceship,,,30/09/2026 16:40
da4cdc44-dff6-44b6-950b-5b0923b653a4,emissions.careers,available,26.08,57.13,medium,low,9,spaceship,,,01/10/2026 14:49
ebe2499a-80be-44fc-a0a3-d3114310d4d8,bunn.careers,available,26.08,57.13,high,low,4,spaceship,,,02/10/2026 07:55
db6238be-d9df-4c1c-a3de-9a254f486ac3,hypnotized.careers,available,28.98,89.98,high,low,10,namecheap,,,17/08/2026 22:46
d0751240-f5cc-4a9e-a320-6bd0f1b40e5a,digestive.careers,available,28.98,89.98,high,low,9,namecheap,,,24/08/2026 15:24
8aee3c77-3d75-4307-82c6-42f15ee34370,proclaiming.careers,available,26.08,57.13,high,low,11,spaceship,,,01/10/2026 23:56
297045ad-f993-4af6-8260-9daa3be62ee0,son.careers,available,34.99,71.99,high,low,3,namesilo,,,25/09/2026 09:05
2984505c-70f0-44b4-807d-387a7eba7731,disruptive.careers,available,55.2,55.2,medium,low,10,cloudflare,,,02/10/2026 11:08
2a5298d1-890d-46f3-a3c7-2d6c3e718df4,galleries.careers,available,16.27,59.07,medium,low,9,dynadot,,,30/09/2026 07:08
515497dc-4c4c-4ef6-afe2-83910d858d74,ambo.careers,available,34.99,71.99,medium,low,4,namesilo,,,18/09/2026 17:17
074934c3-2834-42ea-aeba-61c715f33dd3,withered.careers,available,28.98,89.98,medium,low,8,namecheap,,,14/08/2026 19:11
2f9435eb-e28b-46c0-aa87-8f68c3941b3b,scenery.careers,available,28.98,89.98,medium,low,7,namecheap,,,28/09/2026 15:20
921bc12f-76bd-463f-94f0-d5596c1de706,lviv.careers,available,16.27,59.07,medium,low,4,dynadot,,,30/09/2026 21:20
04ef7216-135c-4749-8f4e-bccf21a875a4,biased.careers,available,28.98,89.98,medium,low,6,namecheap,,,09/08/2026 18:36
cac018c1-5b3a-4198-95b5-78be21918bd1,bathos.careers,available,28.98,89.98,medium,low,6,namecheap,,,22/09/2026 13:49
ee1b779b-6720-4984-a6c7-4783ca035205,damp.careers,available,29.99,94.99,medium,low,4,name.com,,,13/08/2026 16:39
3d755cea-749f-41e1-9117-d673f573aafe,applier.careers,available,28.98,89.98,high,low,7,namecheap,,,19/09/2026 21:54
a3372eff-090e-4bbf-90aa-4b5e7aa6bcad,alupent.careers,available,28.98,89.98,medium,low,7,namecheap,,,18/09/2026 15:17
1f517525-293f-41cb-bb50-a635dd656f66,musique.careers,available,34.99,71.99,high,low,7,namesilo,,,29/09/2026 10:25
54243e4a-2262-4cb0-8fe1-b8016b83eeb2,epidermal.careers,available,29.99,94.99,medium,low,9,name.com,,,13/08/2026 13:06
a6042306-f757-4ec6-9041-7581a67d14c8,downloaded.careers,available,15.96,57.16,medium,low,10,porkbun,,,30/09/2026 23:49
aedfaef0-8076-42b3-be03-d62589a12755,moribund.careers,available,28.98,89.98,medium,low,8,namecheap,,,25/08/2026 06:31
511ad791-0bae-42f8-945e-1dc0ab773bb7,quelled.careers,available,28.98,89.98,medium,low,7,namecheap,,,09/09/2026 08:24
7349d1b4-80a7-4af3-bcd0-ac48e9b6158d,bile.careers,available,34.99,71.99,medium,low,4,namesilo,,,23/09/2026 15:41
9ae3f2b9-5e5d-40e8-a239-3fd45385fa30,naturalism.careers,available,26.08,57.13,high,low,10,spaceship,,,29/09/2026 13:32
b320af8e-059f-403a-b652-9f625ccf2b5b,varanasi.careers,available,55.2,55.2,medium,low,8,cloudflare,,,02/10/2026 09:36
0388d6d2-525d-4cd1-a330-b2a2ab1eb712,darpa.careers,available,26.08,57.13,medium,low,5,spaceship,,,01/10/2026 19:10
ee8e7058-3b6f-4624-8a0b-84bd70ca6eaf,precipitous.careers,available,55.2,55.2,medium,low,11,cloudflare,,,02/10/2026 18:36
519513ee-f003-4b03-b9aa-bae93a5395db,savage.careers,available,28.98,89.98,high,low,6,namecheap,,,08/08/2026 15:36
9efbf17b-d842-4ea9-8741-10ca0ee352aa,enriched.careers,available,34.99,71.99,medium,low,8,namesilo,,,02/10/2026 22:01
7174a6be-542e-43e0-adcd-d5fe22a14b19,valleys.careers,available,34.99,71.99,medium,low,7,namesilo,,,30/09/2026 07:06
760f8acd-bd0a-411c-98aa-e5f17669a293,mena.careers,available,26.08,57.13,high,low,4,spaceship,,,29/09/2026 22:04
c1767925-0f38-496b-858c-132e6eca33c8,amnic.careers,available,28.98,89.98,medium,low,5,namecheap,,,
74e47f65-4831-47af-b00d-72decbf9d31f,wishful.careers,available,28.98,89.98,medium,low,7,namecheap,,,07/08/2026 05:07
a1c9570b-48cd-451c-a18f-6730f2487c14,fractured.careers,available,34.99,71.99,medium,low,9,namesilo,,,28/09/2026 11:38
ccd5546b-46a3-4b13-ad4f-7ca145d707bd,particularly.careers,available,28.98,89.98,medium,low,12,namecheap,,,27/09/2026 08:28
cd2d54a1-8ee2-4022-a35c-619684bcf22c,plano.careers,premium,,,high,low,5,,,,30/09/2026 18:20
83ea4b62-3656-4cbb-9018-f3f268bccf50,ensuring.careers,available,28.98,89.98,medium,low,8,namecheap,,,02/10/2026 02:34
c4c91d32-bed3-4f61-aa12-fc88d9f0c794,peacefully.careers,available,28.98,89.98,high,low,10,namecheap,,,15/09/2026 19:23
12081e53-f8f0-433e-b9f5-a443cf1e9734,zionist.careers,available,28.98,89.98,high,low,7,namecheap,,,13/09/2026 15:21
5695ecba-06cd-4764-a6c3-1bce812875cd,sculptural.careers,available,28.98,89.98,medium,low,10,namecheap,,,25/08/2026 02:53
74d244a9-9e1f-486e-9f17-453a039d3793,deciphered.careers,available,28.98,89.98,medium,low,10,namecheap,,,13/08/2026 21:34
e7477cc9-7309-4b11-982c-083463315df2,perceptive.careers,available,28.98,89.98,high,low,10,namecheap,,,08/09/2026 16:12
0196aad2-de4c-4c41-af0c-beab8dcf0b04,november.careers,available,28.98,89.98,high,low,8,namecheap,,,30/09/2026 05:53
8cb7730e-d526-453e-8ade-a0cc84283bd7,shock.careers,available,26.08,57.13,high,low,5,spaceship,,,29/09/2026 13:09
b49a19c2-4cbc-4224-aec3-ffafc83c57de,unsociable.careers,available,28.98,89.98,medium,low,10,namecheap,,,12/09/2026 20:09
d3912212-9db0-40c8-9e61-5b5944dc8855,vms.careers,available,26.08,57.13,high,low,3,spaceship,,,02/10/2026 20:08
947fef14-bd3e-494a-a8fb-6ac9e1da852c,bumping.careers,available,34.99,71.99,high,low,7,namesilo,,,01/10/2026 06:22
98c42354-21ba-4fd2-8da8-2209c9571a2e,dizzy.careers,available,28.98,89.98,high,low,5,namecheap,,,
5af5ec9c-ccd6-4ee5-be18-73d6986be261,beholding.careers,available,28.98,89.98,medium,low,9,namecheap,,,10/09/2026 01:47
80bb9e30-02da-451a-9965-fb38e2b442d6,torrey.careers,available,16.27,59.07,medium,low,6,dynadot,,,29/09/2026 09:58
04f8f5d9-8c91-46e7-ac38-7391fa205830,restriction.careers,available,26.08,57.13,high,low,11,spaceship,,,03/10/2026 01:00
3e4ae4ad-99e4-4825-8092-4939db1e033f,appleton.careers,available,28.98,89.98,medium,low,8,namecheap,,,19/09/2026 21:41
5d62c346-a04a-44a4-8264-71acaa09c601,blt.careers,available,34.99,71.99,high,low,3,namesilo,,,21/09/2026 16:25
fed8f813-1dd8-40e5-aa42-ac1745445e19,satiable.careers,available,28.98,89.98,medium,low,8,namecheap,,,09/09/2026 21:37
623a5902-9fb8-488c-bcd2-6515522a9dbb,combination.careers,available,28.98,89.98,high,low,11,namecheap,,,27/09/2026 02:14
d97965f2-76ea-47fa-99db-284824392021,goldbrick.careers,available,28.98,89.98,medium,low,9,namecheap,,,20/08/2026 16:29
539d8e7e-a419-411b-81cd-aaa3ef14ca6f,exchange.careers,premium,440,440,high,low,8,dynadot,,,02/10/2026 23:42
f42cd7b3-d115-4bfb-a379-72fddf882e7a,soppy.careers,available,28.98,89.98,medium,low,5,namecheap,,,09/08/2026 01:14
72df06e3-acab-43c1-9b05-b30b0f874591,rebellious.careers,available,28.98,89.98,medium,low,10,namecheap,,,14/08/2026 09:25
7ece90c7-b4ff-4dbf-899a-f2f18c02f0ee,chunks.careers,available,34.99,71.99,medium,low,6,namesilo,,,18/09/2026 14:56
c1fab5de-4a43-4fcd-8afa-a74e95102c2b,measurement.careers,available,55.2,55.2,high,low,11,cloudflare,,,01/10/2026 14:29
a00a77d2-c290-4fb2-b804-d4ead8260979,algorithm.careers,available,28.98,89.98,high,low,9,namecheap,,,18/09/2026 07:16
fa6cfe5c-699b-4c9a-9a9b-caa33723c87e,chemnitz.careers,available,16.27,59.07,medium,low,8,dynadot,,,02/10/2026 23:59
b29bf25f-4929-44c7-bf57-9438ff3ba8b5,prokhorov.careers,available,34.99,71.99,high,low,9,namesilo,,,18/09/2026 05:06
766bf645-82db-4dd7-a1d5-42955d05aec6,erectile.careers,available,28.98,89.98,medium,low,8,namecheap,,,17/08/2026 12:07
ca50ab52-63b4-45de-8eb4-1dd653a0b92a,handler.careers,available,34.99,71.99,high,low,7,namesilo,,,19/09/2026 08:51
8221b2a2-8e20-4d27-97df-52ce443a8dce,projects.careers,available,26.08,57.13,high,low,8,spaceship,,,28/09/2026 08:54
bc105579-ddaa-461b-8e96-d18b62a891d7,dizzily.careers,available,28.98,89.98,medium,low,7,namecheap,,,14/09/2026 13:29
026edbf7-b23d-4fef-b287-6074d0cb2d48,britton.careers,available,15.96,57.16,medium,low,7,porkbun,,,28/09/2026 12:10
51e882a6-9a99-4292-88f5-dac2ba1bfd76,spineless.careers,available,28.98,89.98,medium,low,9,namecheap,,,22/08/2026 08:58
f99f94ef-bc03-4d92-8186-9f508e144002,exothermic.careers,available,28.98,89.98,medium,low,10,namecheap,,,17/08/2026 17:46
028cc158-3c89-4155-a9f8-8788b146ba34,advises.careers,available,55.2,55.2,medium,low,7,cloudflare,,,02/10/2026 11:46
dbd94223-4182-4b05-a640-03de228aebda,proprietor.careers,available,28.98,89.98,high,low,10,namecheap,,,30/09/2026 10:42
a0acdc03-b917-4bc8-ab8b-bcb7d8de6b80,crows.careers,available,34.99,71.99,high,low,5,namesilo,,,20/09/2026 17:41
952c91c0-b5a9-4887-af25-73933b7bdc00,cavalry.careers,available,26.08,57.13,high,low,7,spaceship,,,28/09/2026 09:16
8bb22866-f329-4005-b53d-cc9916f760c7,ignorant.careers,available,28.98,89.98,high,low,8,namecheap,,,21/08/2026 18:27
e0a98639-ad17-425c-9e96-5f95b8e7aba0,chattering.careers,available,34.99,71.99,high,low,10,namesilo,,,30/09/2026 16:43
45a7f992-8eb8-4050-9a93-fbd15a19bf2f,eponymous.careers,available,28.98,89.98,high,low,9,namecheap,,,17/08/2026 11:29
c8d3ddf3-3fff-4c5e-83b5-fc300e5979a3,item.careers,available,26.08,57.13,high,low,4,spaceship,,,28/09/2026 09:23
b17994ee-1757-4b33-a22f-66e5f5873b15,gone.careers,available,29.99,94.99,high,low,4,name.com,,,22/09/2026 10:48
c37b2200-777d-4666-9e1b-59fd986ea54d,angelique.careers,available,34.99,71.99,high,low,9,namesilo,,,19/09/2026 05:58
b6be40a0-4ae0-42cc-b6db-2a6647b2d6f3,brunette.careers,available,28.98,89.98,medium,low,8,namecheap,,,11/08/2026 06:56
ab0ed4cf-9dce-4fe5-b5fe-9661d71d0a57,acolyte.careers,available,34.99,71.99,medium,low,7,namesilo,,,17/09/2026 02:00
a54d24c7-003e-4574-9213-3980a340efb2,dragged.careers,available,34.99,71.99,medium,low,7,namesilo,,,27/09/2026 10:34
b715c8d6-b881-431b-83c2-484f96d08508,overheated.careers,available,28.98,89.98,medium,low,10,namecheap,,,04/09/2026 20:47
6c0478e5-07ec-4ef3-8331-973dc2922624,katz.careers,available,34.99,71.99,high,low,4,namesilo,,,25/09/2026 15:43
78c443d5-cc34-44d8-93ae-6169b4800e24,pecos.careers,available,28.98,89.98,medium,low,5,namecheap,,,29/09/2026 19:57
963babe3-6344-49ab-8790-6f881144b8fa,padded.careers,available,28.98,89.98,high,low,6,namecheap,,,13/08/2026 11:57
d013f240-5727-4dd4-8c13-452c1bf7f1f6,wrathful.careers,available,28.98,89.98,medium,low,8,namecheap,,,13/09/2026 13:36
cf0e355f-e0e0-4c0b-a1e2-1118ceb721f1,wheedle.careers,available,34.99,71.99,medium,low,7,namesilo,,,24/09/2026 04:07
7ade7c63-1b4b-4d35-a3d3-a106b8b38a5d,sunless.careers,available,28.98,89.98,medium,low,7,namecheap,,,12/08/2026 12:31
08021925-e6d1-44d3-964c-7b61ff9dc6f3,blind.careers,available,28.98,89.98,high,low,5,namecheap,,,22/09/2026 21:56
3ba7943e-6d98-4698-9269-eae8706c7c31,gear.careers,available,26.08,57.13,high,low,4,spaceship,,,28/09/2026 21:58
12bc2f18-364d-4e2b-b37e-4fde0159b6db,glinting.careers,available,28.98,89.98,medium,low,8,namecheap,,,
e98917c6-a295-40cd-b1f7-2fe3e816cbac,shabby.careers,available,28.98,89.98,medium,low,6,namecheap,,,25/08/2026 06:58
9e5689f7-6e53-41dd-a020-64b1027585e1,uncapped.careers,available,28.98,89.98,medium,low,8,namecheap,,,12/09/2026 04:44
17cc0527-034f-429c-a26c-365c7805bf32,diagonally.careers,available,28.98,89.98,medium,low,10,namecheap,,,14/09/2026 12:34
7af91731-733f-4550-be17-6ed78c7345ab,nutty.careers,available,28.98,89.98,high,low,5,namecheap,,,06/08/2026 21:27
c684a016-daf3-40ed-93e2-5b000a6fed1a,complexly.careers,available,28.98,89.98,medium,low,9,namecheap,,,14/09/2026 07:45
3cb4582b-9670-4a5c-aec3-ef354d420faf,bahraini.careers,available,28.98,89.98,medium,low,8,namecheap,,,08/08/2026 08:36
efe12cd7-0734-490e-87df-f1a24faf727f,unsubtle.careers,available,28.98,89.98,medium,low,8,namecheap,,,12/09/2026 20:46
67ec4045-0078-4026-83ff-af8bc81502d7,wimpy.careers,available,28.98,89.98,medium,low,5,namecheap,,,13/09/2026 12:06
aa9d4553-1ed4-4550-a891-6a3b12efe1d0,beowulf.careers,available,34.99,71.99,medium,low,7,namesilo,,,23/09/2026 09:04
d6e33b85-6f14-414b-b34c-fbac5bb997df,insistence.careers,available,28.98,89.98,high,low,10,namecheap,,,01/10/2026 20:02
e1f73ef1-377d-45ac-9914-c1bfa84199fc,propose.careers,available,26.08,57.13,high,low,7,spaceship,,,30/09/2026 08:54
f71eafb8-ecef-4047-bb4b-8f2de2b31d4e,imbalanced.careers,available,28.98,89.98,medium,low,10,namecheap,,,21/08/2026 20:20
1f18470d-4486-4fb3-9c0d-6e6945bb6aca,norwalk.careers,available,26.08,57.13,medium,low,7,spaceship,,,28/09/2026 12:08
445fe10a-a77d-4c85-b858-3fd44aaef332,sars.careers,available,15.96,57.16,medium,low,4,porkbun,,,29/09/2026 20:17
a22643aa-f14c-4a66-950d-c36e02a90e59,aspartame.careers,available,34.99,71.99,medium,low,9,namesilo,,,20/09/2026 14:43
1b4985a1-217c-4092-b728-317395f7d9cf,leningrad.careers,available,26.08,57.13,medium,low,9,spaceship,,,01/10/2026 20:17
cfe1c393-05d0-4e45-8d15-d6f295e4e2f3,badmouth.careers,available,28.98,89.98,medium,low,8,namecheap,,,24/08/2026 14:04
306458e7-ae2c-43b1-b86e-4cea04f335a2,fulsome.careers,available,28.98,89.98,medium,low,7,namecheap,,,11/08/2026 11:40
a2844fea-6661-4e8f-8496-62ab430ede30,calmly.careers,available,28.98,89.98,high,low,6,namecheap,,,14/09/2026 05:04
d6212e52-b938-4517-aa21-1c07eb2c0e81,rustling.careers,available,28.98,89.98,high,low,8,namecheap,,,03/09/2026 11:20
387bdc33-7716-4e2c-a40c-e946913d9736,polly.careers,available,26.08,57.13,high,low,5,spaceship,,,28/09/2026 07:34
022b3c35-8a42-4b6f-a43b-94237ba1c0a7,santi.careers,available,28.98,89.98,medium,low,5,namecheap,,,02/10/2026 20:15
e4cfa23b-12bb-47d9-a886-3aa03f50b1a0,observation.careers,available,26.08,57.13,high,low,11,spaceship,,,02/10/2026 04:26
24e3d065-28e6-43b7-903c-327c1d806ca9,cruciate.careers,available,28.98,89.98,medium,low,8,namecheap,,,13/08/2026 08:40
a819d702-3bf8-4206-9035-cdfbaac606ec,mansions.careers,available,26.08,57.13,medium,low,8,spaceship,,,01/10/2026 17:28
6157b353-e182-4e68-af0f-bb731331b36e,crafty.careers,available,28.98,89.98,high,low,6,namecheap,,,24/09/2026 01:24
70f0b7d0-c59b-4143-a56c-7b11091f417a,substantial.careers,available,34.99,71.99,high,low,11,namesilo,,,01/10/2026 05:35
1c2c72dc-e739-4d6c-8084-641650d45d23,rises.careers,available,55.2,55.2,low,low,5,cloudflare,,,28/09/2026 13:01
1fb244a4-2f24-4b8c-b66e-60ab432950bf,alphabetic.careers,available,34.99,71.99,high,low,10,namesilo,,,22/09/2026 02:10
b617c3bf-7f82-47fc-86d7-e73b9b72b8e1,jnr.careers,available,28.98,89.98,high,low,3,namecheap,,,01/10/2026 20:09
7085a0f5-c643-48ef-9477-7e3eacfab3d7,desperately.careers,available,55.2,55.2,medium,low,11,cloudflare,,,28/09/2026 07:05
f151e390-e932-4fb2-b67d-7428fb3b7a32,krakow.careers,available,26.08,57.13,high,low,6,spaceship,,,01/10/2026 01:37
3a5a9ca5-9d75-4256-b6e3-7c5f8b1ddead,immunized.careers,available,28.98,89.98,medium,low,9,namecheap,,,21/08/2026 21:30
8245d741-a968-4227-b7d8-4742240caa3b,spotty.careers,available,28.98,89.98,medium,low,6,namecheap,,,10/09/2026 16:37
3932ad69-befa-4c14-8fdf-f9f7f72ec6bb,stripper.careers,available,55.2,55.2,high,low,8,cloudflare,,,29/09/2026 06:42
831f3540-976c-4841-970c-ef3f2519bd7f,numbered.careers,available,34.99,71.99,medium,low,8,namesilo,,,29/09/2026 10:20
72955eae-be9c-460d-ad9f-5b640422d770,villainous.careers,available,28.98,89.98,medium,low,10,namecheap,,,03/09/2026 14:59
ade08412-44d8-4387-b8df-27c513a2a0e1,westcott.careers,available,49.99,,medium,low,8,name.com,,,
9c6d0444-6eaf-4edf-8e09-71d23df39ad4,hillsboro.careers,available,26.08,57.13,medium,low,9,spaceship,,,29/09/2026 04:37
dbe5e786-135d-4b2f-b4de-1af53e892ab8,paton.careers,available,34.99,71.99,medium,low,5,namesilo,,,18/09/2026 01:46
7a6f2ffd-ce86-4825-9800-d91e9b15b5d9,lucullan.careers,available,28.98,89.98,medium,low,8,namecheap,,,24/08/2026 11:00
c5c3d230-97e0-4b13-800f-c140da7f1824,scaly.careers,available,28.98,89.98,medium,low,5,namecheap,,,23/08/2026 00:05
10c96387-d271-4c1a-91ad-643b90fb9306,geronimo.careers,available,34.99,71.99,high,low,8,namesilo,,,30/09/2026 17:28
4b662d47-60e6-4aaf-bb07-b8faa8aa3213,talismanic.careers,available,28.98,89.98,medium,low,10,namecheap,,,11/09/2026 07:30
d8939518-c620-477a-8a87-845c1ae5b321,commonly.careers,available,16.27,59.07,medium,low,8,dynadot,,,28/09/2026 14:12
ee443a3b-1e87-4088-ba37-250ed42000a0,fingerprint.careers,available,34.99,71.99,high,low,11,namesilo,,,29/09/2026 08:29
0be90e96-3a09-46c6-89c0-563c337ab5d7,muscular.careers,available,28.98,89.98,high,low,8,namecheap,,,11/08/2026 02:50
1eb7357d-3aea-424f-ac7d-2184daae6cef,hdtv.careers,available,55.2,55.2,high,low,4,cloudflare,,,02/10/2026 15:39
1cc8a9f5-6de7-4acc-a66c-a7c6b7d85707,noyes.careers,available,28.98,89.98,medium,low,5,namecheap,,,18/09/2026 06:42
bf511c06-8ae3-4270-bde5-dc78d490b16c,older.careers,available,34.99,71.99,high,low,5,namesilo,,,21/09/2026 22:32
7037aff4-85dd-44ac-b265-59c4ebf81dbe,upmarket.careers,available,28.98,89.98,high,low,8,namecheap,,,12/09/2026 23:13
6c07cb3f-4bb3-4f23-a22a-4ce41424321c,graceless.careers,available,28.98,89.98,medium,low,9,namecheap,,,18/08/2026 20:43
7138a167-870f-41fa-8ec6-90fd61b5d6ea,dowdy.careers,available,28.98,89.98,medium,low,5,namecheap,,,14/08/2026 17:09
2a87559a-4a8b-459e-bc69-38b2aa3edf30,unopen.careers,available,28.98,89.98,medium,low,6,namecheap,,,10/09/2026 07:06
fb5c9f93-2a70-47c1-b486-3b256b3d9ff3,bragger.careers,available,28.98,89.98,medium,low,7,namecheap,,,11/08/2026 01:14
9a81fc6d-ade0-49b6-8c84-15f9ce656b76,cocktails.careers,available,34.99,71.99,medium,low,9,namesilo,,,30/09/2026 14:46
994fc624-548c-44f0-b2c5-2feec1989a12,bald.careers,available,28.98,89.98,medium,low,4,namecheap,,,08/08/2026 09:16
1c2ef436-e461-4e3d-bee4-b6bc31c2eb0b,archerfish.careers,available,28.98,89.98,medium,low,10,namecheap,,,20/09/2026 01:56
b6b7037e-5f59-4d45-9e4d-9a9eec4861c1,cheeks.careers,available,34.99,71.99,medium,low,6,namesilo,,,29/09/2026 10:13
af6a1f60-4477-4fdc-9f2e-784643cc1d6b,tocsin.careers,available,34.99,71.99,medium,low,6,namesilo,,,18/09/2026 01:57
9f4c4fb9-a901-405f-93d0-a73a42d3dd7e,urges.careers,available,34.99,71.99,medium,low,5,namesilo,,,16/09/2026 09:15
902fb37f-792c-404f-84ec-1c4477f7b2b7,unhappiness.careers,available,49.99,,medium,low,11,name.com,,,
dba6aa52-30e3-457c-acd2-3cb8a1429244,dissolve.careers,available,26.08,57.13,high,low,8,spaceship,,,29/09/2026 16:16
d581e96a-91d9-4e85-8ea8-37ac6241b5a1,chairperson.careers,available,49.99,,high,low,11,name.com,,,
f665312e-7152-4cdd-a00c-7f39862429f3,stupidity.careers,available,34.99,71.99,medium,low,9,namesilo,,,23/09/2026 11:18
59534dc9-faff-4362-98c4-589a2cbffe67,details.careers,available,34.99,71.99,high,low,7,namesilo,,,29/09/2026 14:12
1c763806-3603-4d92-b8ed-02e78917c14b,wonder.careers,available,28.98,89.98,high,medium,6,namecheap,,,29/09/2026 13:03
d804ddec-51ee-420b-b88f-57abd8aaa804,boyne.careers,available,34.99,71.99,medium,low,5,namesilo,,,22/09/2026 14:51
9a5886ac-52d0-4163-9a42-0f583c83b209,iridium.careers,available,28.98,89.98,high,low,7,namecheap,,,20/09/2026 23:49
fb324d4b-45d1-4b5f-b964-c438751b2dd2,energies.careers,available,34.99,71.99,medium,low,8,namesilo,,,30/09/2026 06:48
b60274bc-77a2-4dd7-a42e-ac5ef082722f,oops.careers,available,26.08,57.13,high,low,4,spaceship,,,01/10/2026 04:35
87779f1d-5dcc-4b21-8a44-2ddeaa03bfb2,vibration.careers,available,34.99,71.99,high,low,9,namesilo,,,19/09/2026 17:28
c3481b2b-f98f-4a9e-8c2b-872619a5ac2d,stuffer.careers,available,34.99,71.99,medium,low,7,namesilo,,,19/09/2026 08:48
cf297186-1546-4db8-ba82-13c8cdb0399b,hypocritical.careers,available,16.27,59.07,medium,low,12,dynadot,,,02/10/2026 17:38
df815cd1-1be8-4fd1-8d7e-964b52cab780,adolescents.careers,available,26.08,57.13,medium,low,11,spaceship,,,02/10/2026 01:52
bf6a263d-e261-4b5e-bc21-12934d2cd754,vigilante.careers,available,34.99,71.99,high,low,9,namesilo,,,02/10/2026 06:38
cbafe553-eead-41fe-a3ec-b5ea4cc97aa5,pond.careers,available,55.2,55.2,high,low,4,cloudflare,,,27/09/2026 15:18
b0d11062-a0c9-4fa2-bb28-cf7d78f8cfc3,command.careers,available,34.99,71.99,high,low,7,namesilo,,,23/09/2026 13:28
1ec73d7c-6ded-4e9e-a754-9ca9fce27e87,tipsy.careers,available,28.98,89.98,high,low,5,namecheap,,,11/09/2026 15:38
8933b0ae-154e-4de6-b045-090746a6a0f5,purpura.careers,available,26.08,57.13,medium,low,7,spaceship,,,03/10/2026 01:46
001f4cda-49ba-419c-b6cb-e2c2d2203651,ocher.careers,available,28.98,89.98,medium,low,5,namecheap,,,04/09/2026 00:31
626dad2c-38d9-4643-a57a-03b74b5a48f2,gawky.careers,available,28.98,89.98,medium,low,5,namecheap,,,12/08/2026 13:06
3e719aa2-cb9d-4fed-9fad-e017fe9b54a5,penned.careers,available,34.99,71.99,medium,low,6,namesilo,,,02/10/2026 23:05
fda67065-ca57-46ce-9f75-e335e77e14fe,touchable.careers,available,28.98,89.98,high,low,9,namecheap,,,11/09/2026 07:57
76d242e2-fce9-4bde-9d60-687164adf229,veinal.careers,available,28.98,89.98,low,low,6,namecheap,,,13/09/2026 01:51
3d2399ed-1cc6-4e7a-9b27-cdffe5a49d8c,kharkov.careers,available,28.98,89.98,medium,low,7,namecheap,,,30/09/2026 17:47
30fa5d37-22da-415f-842b-37e8a6511e24,similarity.careers,available,26.08,57.13,high,low,10,spaceship,,,29/09/2026 19:30
7b99d650-17ee-4474-a579-2f0c159db946,alcoholic.careers,available,28.98,89.98,high,low,9,namecheap,,,
7e54aea5-bfe1-4412-8318-044c4ba589f7,shaft.careers,available,26.08,57.13,high,low,5,spaceship,,,29/09/2026 01:04
7a919351-1d07-4b2b-ba6b-9f8e59522ae3,shoemaker.careers,available,26.08,57.13,medium,low,9,spaceship,,,01/10/2026 19:00
b78e6918-6da6-454f-9168-0cd2d769c5eb,slain.careers,available,28.98,89.98,medium,low,5,namecheap,,,10/09/2026 09:53
88dd3707-b06e-4c15-8717-14343873b1c4,differing.careers,available,55.2,55.2,high,low,9,cloudflare,,,02/10/2026 18:04
a4024bd4-9db0-483c-a6a8-adeb7fb44048,sevastopol.careers,available,26.08,57.13,medium,low,10,spaceship,,,30/09/2026 18:36
5439062c-89e5-4619-8040-0c03d2ad8d64,arikara.careers,available,34.99,71.99,medium,low,7,namesilo,,,20/09/2026 05:16
0ebb259e-1884-4ece-925f-af68311f9b2e,randy.careers,available,28.98,89.98,medium,low,5,namecheap,,,21/08/2026 14:08
615381fb-9001-46e6-b2bb-228cc3f1d4d5,pearls.careers,available,28.98,89.98,high,low,6,namecheap,,,02/10/2026 12:35
79e19455-410a-464a-ac0a-9bc9a3382137,voltaic.careers,available,28.98,89.98,medium,low,7,namecheap,,,18/08/2026 19:42
45d85d3f-b685-47d3-9d1d-ef1a03363be2,wish.careers,available,34.99,71.99,high,low,4,namesilo,,,25/09/2026 13:40
3050f6c6-fb6e-4324-914d-4fe633d8d6a0,under.careers,available,34.99,71.99,high,low,5,namesilo,,,28/09/2026 09:43
ba802765-6509-4ad4-90a1-7fbe152ec3c3,howes.careers,available,34.99,71.99,medium,low,5,namesilo,,,01/10/2026 16:18
637ea958-a18e-450c-b278-4dc2cbbda01b,nguyen.careers,available,26.08,57.13,high,low,6,spaceship,,,28/09/2026 04:48
024fce51-b229-436e-a5f8-1aa8535d1213,orrin.careers,available,28.98,89.98,high,low,5,namecheap,,,02/10/2026 20:08
de45ea4b-8a45-49cf-a5fb-972146634b2d,relinquish.careers,available,26.08,57.13,high,low,10,spaceship,,,01/10/2026 21:29
c3cb00b5-d820-4266-8946-137c3ec69bc2,dirac.careers,available,15.96,57.16,medium,low,5,porkbun,,,29/09/2026 18:39
16c7a579-b128-46d9-b5b8-b574dc3456db,mata.careers,available,15.96,57.16,medium,low,4,porkbun,,,28/09/2026 21:09
9eba5f3b-777f-44f8-a3fd-a5577c1ae60f,magdalena.careers,available,34.99,71.99,medium,low,9,namesilo,,,28/09/2026 02:17
7236a277-33e6-4bc5-b79e-2c7190dee7f2,francisco.careers,available,28.98,89.98,high,low,9,namecheap,,,25/09/2026 18:30
5f0ec3e4-10ef-4854-b43b-319cb89a4a08,gallows.careers,available,34.99,71.99,medium,low,7,namesilo,,,30/09/2026 09:52
b51d3b9a-15db-4dd2-925e-de3c6be86e49,nibble.careers,available,34.99,71.99,high,low,6,namesilo,,,03/10/2026 02:32
eea02186-c270-4e6f-b1a1-b6f04acf0678,barkley.careers,available,34.99,71.99,high,low,7,namesilo,,,18/09/2026 02:32
30449c22-ef30-4aaf-8f8c-62070d68946a,suggestive.careers,available,28.98,89.98,medium,low,10,namecheap,,,21/08/2026 22:34
16fc7608-eab8-44e8-a679-569d545bc49d,virginia.careers,available,34.99,71.99,high,low,8,namesilo,,,25/09/2026 09:38
574b9536-eaeb-4bb9-ae8f-2720770fb674,reserves.careers,available,26.08,57.13,high,low,8,spaceship,,,29/09/2026 13:26
c3e649fe-f3ac-40a4-8b31-7ef0f7742e26,bannister.careers,available,34.99,71.99,medium,low,9,namesilo,,,22/09/2026 00:23
a534f6a1-d9a4-46b1-8f10-6e77e20a8c69,gushy.careers,available,28.98,89.98,medium,low,5,namecheap,,,20/08/2026 21:03
0f609b9d-b3ee-4696-8a32-cbd5a0aae073,alhaytham.careers,available,34.99,71.99,medium,low,10,namesilo,,,18/09/2026 00:48
16e1b561-a6c6-4482-a22b-ca6df3ae66c7,quadruple.careers,available,28.98,89.98,high,low,9,namecheap,,,18/08/2026 13:24
b98af500-fa52-4e26-a208-336be2264098,liveable.careers,available,28.98,89.98,high,low,8,namecheap,,,24/08/2026 07:44
f982e913-260a-4a69-9bf0-20a3b1eb2913,childbirth.careers,available,28.98,89.98,high,low,10,namecheap,,,12/08/2026 05:00
cb39b996-36d4-4a6f-baeb-63337f0b2e7c,themes.careers,available,15.96,57.16,medium,low,6,porkbun,,,30/09/2026 06:34
8ac6c90b-25fc-416c-b153-ecc74acae3a4,demonstrated.careers,available,34.99,71.99,medium,low,12,namesilo,,,17/09/2026 21:56
7d744ee3-c372-47d7-bf56-eb872be5f4b4,accidents.careers,available,55.2,55.2,medium,low,9,cloudflare,,,28/09/2026 05:03
0f9753f3-6bf7-45a6-b93a-9d7dc1ba79dd,collect.careers,available,28.98,89.98,high,low,7,namecheap,,,12/08/2026 15:03
b06ed68f-8943-4f32-ab2a-b3b954e01e55,internship.careers,resell,,,high,low,10,,,,28/09/2026 10:09
320204bd-5cea-4734-a41b-28aaa1307e73,audacity.careers,available,34.99,71.99,high,low,8,namesilo,,,21/09/2026 02:47
4e99bb9e-070c-48dc-aed9-d911593afc1d,nunavut.careers,available,26.08,57.13,medium,low,7,spaceship,,,02/10/2026 05:58
3d9f2de9-9dd8-4cb5-8c2d-85fe8613ed9c,papuan.careers,available,28.98,89.98,medium,low,6,namecheap,,,05/09/2026 01:44
46d33aaf-974d-41fe-97d3-1c87e15e6460,desai.careers,available,26.08,57.13,high,low,5,spaceship,,,30/09/2026 12:39
666f6e85-eda2-404d-a8e1-22f81067a8b3,interact.careers,available,26.08,57.13,high,low,8,spaceship,,,30/09/2026 20:24
835b0372-a6ea-434a-8eca-2053b381a4b4,hooved.careers,available,28.98,89.98,medium,low,6,namecheap,,,21/08/2026 13:42
866d9ad3-fcb3-4ef9-8e17-7d7f52edd09d,monastery.careers,available,28.98,89.98,high,low,9,namecheap,,,28/09/2026 19:54
b6f2ed09-20ab-499f-80ef-c2e2b74ff3db,sara.careers,available,28.98,89.98,high,low,4,namecheap,,,25/09/2026 21:30
9cc1871e-2eb4-4629-be8f-d7776f5328f9,pigheaded.careers,available,28.98,89.98,medium,low,9,namecheap,,,11/08/2026 08:32
18990eea-f236-4b12-bd6f-2ecc0e97a356,one.careers,premium,512,512,high,medium,3,namesilo,,,21/09/2026 10:37
d5ea6157-dbfa-4d45-81d0-4b9c495a6754,saute.careers,available,28.98,89.98,high,low,5,namecheap,,,09/09/2026 22:00
0ddf1a3b-38f3-4755-aa44-1cb04a3f03b9,heels.careers,available,34.99,71.99,high,low,5,namesilo,,,27/09/2026 10:19
10b0de1e-6abe-45f3-8512-bdc01ebe7f37,wasteful.careers,available,28.98,89.98,medium,low,8,namecheap,,,12/09/2026 08:47
9be15cec-e4e0-4172-8284-caa30686ec90,bred.careers,available,55.2,55.2,high,low,4,cloudflare,,,29/09/2026 14:17
31f82d7f-5f92-4cc2-bd5f-645f037ab1f5,newspapers.careers,available,34.99,71.99,medium,low,10,namesilo,,,27/09/2026 02:48
da5cc698-7090-40d9-b687-49e6ecc081c0,sugars.careers,available,34.99,71.99,medium,low,6,namesilo,,,18/09/2026 08:14
eea9c791-d91c-4d2c-a133-c72a4e3cc4d6,carrick.careers,available,16.27,59.07,medium,low,7,dynadot,,,30/09/2026 20:19
f6650c3c-40f1-45e5-949c-9b0d6915a8e2,odessa.careers,available,26.08,57.13,high,low,6,spaceship,,,01/10/2026 03:08
7160c33b-2ba9-414c-a904-f4c782cb5481,bermudian.careers,available,28.98,89.98,medium,low,9,namecheap,,,09/08/2026 15:15
11501517-4272-41a9-866c-4e8773d72eb2,questionable.careers,available,55.2,55.2,medium,low,12,cloudflare,,,29/09/2026 02:59
a512c734-38c8-4793-ae11-bf4ecbc16c67,arriving.careers,available,26.08,57.13,medium,low,8,spaceship,,,02/10/2026 17:03
80e27ec8-6c41-49d5-9e9d-f67ce174dc66,chinch.careers,available,34.99,71.99,medium,low,6,namesilo,,,22/09/2026 22:46
f04a04c0-c7e3-4eac-ad1d-5cf75a480a32,lovingly.careers,available,28.98,89.98,high,low,8,namecheap,,,14/09/2026 19:14
b13087e7-c8d5-4dba-8e78-918672da7591,revolved.careers,available,34.99,71.99,medium,low,8,namesilo,,,27/09/2026 14:41
c7b2b817-e467-4b1e-a45d-5f9964218055,monterey.careers,available,34.99,71.99,high,low,8,namesilo,,,30/09/2026 02:19
99c6ef12-ee54-4ff7-84b5-26f53c12af21,lakewood.careers,available,55.2,55.2,medium,low,8,cloudflare,,,28/09/2026 16:53
953e234d-204e-4ae1-a04e-59f45e5a694e,ending.careers,available,34.99,71.99,high,low,6,namesilo,,,25/09/2026 05:36
1e9a3e69-1d79-4a13-b57a-d1385d92df0d,clubs.careers,available,28.98,89.98,high,low,5,namecheap,,,27/09/2026 08:43
8b3303c8-9b72-4444-b42e-c69920b2c7ef,distillery.careers,available,16.27,59.07,high,low,10,dynadot,,,03/10/2026 00:30
15a281e1-88de-4cf2-a796-06b46477ff8d,artemisia.careers,available,28.98,89.98,high,low,9,namecheap,,,20/09/2026 10:15
b1af286a-8c62-485b-879f-98f3563a6ee7,genuine.careers,available,34.99,71.99,high,low,7,namesilo,,,24/09/2026 13:20
8bb16620-8d0f-4718-b988-08bdaec3aec1,cryptical.careers,available,28.98,89.98,medium,low,9,namecheap,,,11/08/2026 12:19
cd1811bf-086a-4b34-8883-2481c65f5873,ooh.careers,available,55.2,55.2,high,low,3,cloudflare,,,30/09/2026 11:21
cdf1aa4c-cd41-4e8e-a5ce-f1e80a805aad,altoona.careers,available,34.99,71.99,medium,low,7,namesilo,,,18/09/2026 15:04
3dc60a9f-f1b3-4236-adb1-e723746be126,allsorts.careers,available,34.99,71.99,low,low,9,namesilo,,,16/09/2026 05:53
eb257fcd-3b7e-4da8-b1f3-a46d337b26e2,holey.careers,available,28.98,89.98,medium,low,5,namecheap,,,21/08/2026 10:23
6fe90a27-a204-4d7d-965b-29be72c83274,swords.careers,available,49.99,,medium,low,6,name.com,,,
cf3e7552-bccc-42c5-8d53-7c7724f6864b,rolle.careers,available,26.08,57.13,medium,low,5,spaceship,,,02/10/2026 07:36
e992dfbb-4560-496e-ae2d-7f984781f1fe,entrance.careers,available,28.98,89.98,high,low,8,namecheap,,,22/08/2026 01:46
966bfe13-13df-45fc-bc72-9f0326d507ea,throng.careers,available,28.98,89.98,high,low,6,namecheap,,,24/09/2026 17:08
500fb91a-c52b-4544-a1f8-c04795126069,ans.careers,available,34.99,71.99,medium,low,3,namesilo,,,19/09/2026 12:01
66749539-42b5-47e2-beda-fe6d447a1d5c,hobbs.careers,available,34.99,71.99,high,low,5,namesilo,,,27/09/2026 04:26
ad1f6599-fb5f-4aa9-851e-067a3dfd0ae2,hurd.careers,available,34.99,71.99,medium,low,4,namesilo,,,28/09/2026 22:24
24215895-5c25-418a-ab2d-28648dc91239,quarry.careers,available,26.08,57.13,high,low,6,spaceship,,,29/09/2026 12:13
80c52691-91be-4af7-9010-281ac07d0fc4,angeles.careers,available,34.99,71.99,high,low,7,namesilo,,,25/09/2026 16:22
f7c1c7bd-6e28-400e-856c-541c192ccb21,highgate.careers,available,16.27,59.07,medium,low,8,dynadot,,,01/10/2026 07:03
dde63f34-92d6-4328-806d-190761fbff93,ammunition.careers,available,34.99,71.99,high,low,10,namesilo,,,18/09/2026 22:05
4e6511af-7490-40d1-8062-762214dfec9a,text.careers,available,16.27,59.07,high,medium,4,dynadot,,,28/09/2026 02:24
7ee07ff4-9d8e-4897-b827-c47e18c60f6a,inscribed.careers,available,28.98,89.98,medium,low,9,namecheap,,,17/08/2026 08:24
c42f802f-78c7-4dc2-a03e-25de67adb459,intrigued.careers,available,34.99,71.99,medium,low,9,namesilo,,,30/09/2026 00:46
8dbaea56-74dc-4f88-bf39-76d2a6d7b7a5,gujarati.careers,available,26.08,57.13,high,low,8,spaceship,,,30/09/2026 09:59
e2bca44f-125a-487b-90c9-92fd43c4d1ad,showing.careers,available,34.99,71.99,high,low,7,namesilo,,,25/09/2026 10:36
8c7292f6-fc6c-42cd-aced-3c37f9423965,basilica.careers,available,34.99,71.99,medium,low,8,namesilo,,,22/09/2026 10:49
5fad00fb-73e8-4712-b923-c291bbb2b3f0,keenly.careers,available,28.98,89.98,high,low,6,namecheap,,,15/09/2026 10:20
92921900-f365-4c3b-a8e1-ca89e6c56301,lifting.careers,available,55.2,55.2,high,low,7,cloudflare,,,28/09/2026 04:32
54fc2902-7680-457a-a633-e082e8f8f34f,machinery.careers,available,26.08,57.13,high,low,9,spaceship,,,01/10/2026 03:43
56731b33-63bd-41ff-9098-9be8dcc59f41,axel.careers,available,26.08,57.13,high,low,4,spaceship,,,02/10/2026 06:59
0da0ef48-3f36-4987-a0cf-8bec1d91864d,chamfer.careers,available,28.98,89.98,medium,low,7,namecheap,,,23/09/2026 12:00
cdcb511c-d58c-4a26-b298-1998143d2898,shanahan.careers,available,34.99,71.99,medium,low,8,namesilo,,,02/10/2026 12:38
ab50b980-25f5-4217-89fc-4eb98a8ba7a6,mccomb.careers,available,26.08,57.13,medium,low,6,spaceship,,,02/10/2026 20:13
1d7041d3-9137-4287-a11a-1894fa0cdf91,barron.careers,available,34.99,71.99,high,low,6,namesilo,,,27/09/2026 08:02
349effbe-81f5-49dc-a772-cf614f34a567,despot.careers,available,28.98,89.98,medium,low,6,namecheap,,,21/09/2026 06:11
7d4d9060-aa5c-4fda-a14a-de739d30c282,lovelace.careers,available,26.08,57.13,high,low,8,spaceship,,,30/09/2026 10:29
6423202e-6463-4ec1-9698-74c9abca4b68,polemist.careers,available,28.98,89.98,medium,low,8,namecheap,,,08/09/2026 22:57
5072fa77-d7fb-40ce-9db5-95a7d29ca518,fitzwilliam.careers,available,26.08,57.13,medium,low,11,spaceship,,,01/10/2026 10:32
24282ab5-c819-4244-a3de-cc2d0c451ab8,donated.careers,available,28.98,89.98,medium,low,7,namecheap,,,29/09/2026 00:11
6b7ac1c5-cde6-43ae-a4b2-248ac5915c35,perhaps.careers,available,34.99,71.99,high,low,7,namesilo,,,28/09/2026 16:16
5745f2f3-d67a-47c3-962b-db7a1c875bc5,various.careers,available,34.99,71.99,high,low,7,namesilo,,,28/09/2026 10:11
fe5168bf-fdb5-404e-8c4c-498e5da6dd27,stout.careers,available,28.98,89.98,high,low,5,namecheap,,,21/08/2026 00:54
5fc38e53-3677-4603-bebb-a7d708e43d46,racing.careers,premium,500,,high,low,6,name.com,,,30/09/2026 09:07
c496a7d3-0e62-4c33-9b52-2e20f399bd57,iffy.careers,available,28.98,89.98,medium,low,4,namecheap,,,18/08/2026 09:22
84ffa6e7-86a4-4421-953f-4d75047861e6,airstream.careers,available,28.98,89.98,high,low,9,namecheap,,,17/09/2026 23:23
37dddb9c-7f7a-4a45-b82c-6daacfcb0e7c,mothy.careers,available,28.98,89.98,low,low,5,namecheap,,,25/08/2026 07:14
2ea074a1-fcf1-41f0-871b-2580e9a6b4d0,racer.careers,available,34.99,71.99,high,low,5,namesilo,,,21/09/2026 07:11
98d4dc3f-3c91-4cbc-af86-b2740a430d06,barkeep.careers,available,34.99,71.99,high,low,7,namesilo,,,22/09/2026 06:22
8969e980-149d-4ef6-a74a-200cee049589,synthesizer.careers,available,26.08,57.13,high,low,11,spaceship,,,01/10/2026 04:34
0da7632f-9a78-46d3-a724-3830ce0be29d,perfumed.careers,available,28.98,89.98,high,low,8,namecheap,,,08/09/2026 16:58
d2293322-445e-40ec-a469-22a47d11f0d9,voracious.careers,available,28.98,89.98,medium,low,9,namecheap,,,15/08/2026 06:15
a6ea89a3-42cd-4e40-8c6b-62b8855019c2,windshield.careers,available,34.99,71.99,high,low,10,namesilo,,,29/09/2026 14:08
a501c8c9-0709-43d8-8d96-9441cf7f018c,towel.careers,available,34.99,71.99,high,low,5,namesilo,,,28/09/2026 03:13
0636eff1-9c51-43b8-9a85-abb1a5954caf,hasten.careers,available,28.98,89.98,high,low,6,namecheap,,,09/09/2026 19:47
2f914639-99c5-46aa-b013-8401eb0bf8a1,myoid.careers,available,28.98,89.98,low,low,5,namecheap,,,03/09/2026 12:10
1be81e71-5959-4419-b93d-251e85347596,garter.careers,available,16.27,59.07,high,low,6,dynadot,,,03/10/2026 00:53
45da763e-4806-40ff-bcf1-5e66b433f4b8,lucie.careers,available,16.27,59.07,medium,low,5,dynadot,,,28/09/2026 21:31
f64a56e7-88b2-47ec-a67b-ec29a786b95a,outwear.careers,available,28.98,89.98,medium,low,7,namecheap,,,13/09/2026 09:15
a2df5e04-fd01-449b-9f73-072ae48d2b8f,boreas.careers,available,28.98,89.98,medium,low,6,namecheap,,,03/09/2026 21:36
1cb9acf0-f215-42f2-a54a-6f019e0a1081,ferial.careers,available,28.98,89.98,medium,low,6,namecheap,,,18/08/2026 01:56
5bf090bf-eeb0-4ea7-919b-893ff6ed3f97,crowe.careers,available,26.08,57.13,medium,low,5,spaceship,,,28/09/2026 12:13
37bae65a-af2d-4ca7-8b09-95549752d423,banquette.careers,available,34.99,71.99,medium,low,9,namesilo,,,22/09/2026 03:08
ef66acd5-e0ee-4911-9dc3-14b4c98a1469,negligible.careers,available,28.98,89.98,medium,low,10,namecheap,,,03/09/2026 15:08
c476f7f1-924b-4518-8e05-bb277ae01d7c,marisa.careers,available,26.08,57.13,high,low,6,spaceship,,,02/10/2026 19:52
572fc80f-9cd8-4c37-8b9f-1da5158f113a,lutetium.careers,available,34.99,71.99,medium,low,8,namesilo,,,20/09/2026 23:39
641fa24d-92c2-43ea-a0e7-a8e4a2094512,bailiwick.careers,available,28.98,89.98,medium,low,9,namecheap,,,21/09/2026 19:08
7649ceb6-eba7-4996-a2f4-775203785231,audiencia.careers,available,55.2,55.2,high,low,9,cloudflare,,,02/10/2026 18:30
60fd3551-e528-4342-8069-d88d718265c9,robbed.careers,available,28.98,89.98,low,low,6,namecheap,,,27/09/2026 02:44
a825d843-ea3f-4b43-8652-abb30b8daa46,deserve.careers,available,34.99,71.99,high,low,7,namesilo,,,25/09/2026 23:40
7096ebb8-d181-43c2-acf7-22c0ce9e808a,flowed.careers,available,26.08,57.13,medium,low,6,spaceship,,,02/10/2026 02:35
52674a64-9316-4731-b783-399a3acb79a5,countryside.careers,available,26.08,57.13,high,low,11,spaceship,,,28/09/2026 15:50
3646a8ac-ba73-4b0f-bd07-8120599736df,monopoly.careers,available,26.08,57.13,high,low,8,spaceship,,,30/09/2026 05:10
11948985-e079-4428-8aaa-2a9b0e351e45,neel.careers,available,26.08,57.13,medium,low,4,spaceship,,,01/10/2026 20:23
14e63dc2-1da3-4bec-82d3-7aa827e06b67,mubarak.careers,available,26.08,57.13,medium,low,7,spaceship,,,29/09/2026 13:04
5f16e757-2334-439a-9706-084e764205af,greyhound.careers,available,49.99,121.99,high,low,9,godaddy,,,30/09/2026 01:48
e9d34643-f304-4025-a3ea-bbc12dec6569,linear.careers,available,28.98,89.98,high,low,6,namecheap,,,
6ebdb472-5cd0-42a9-8888-4e5352d0d1d7,koala.careers,available,16.27,59.07,high,low,5,dynadot,,,30/09/2026 01:10
60254883-c67b-4998-98bb-9fb507a53c39,soleless.careers,available,28.98,89.98,low,low,8,namecheap,,,10/09/2026 13:37
e7b03bf3-e44e-4d5f-9a9c-01c6f5836451,actuality.careers,available,28.98,89.98,high,low,9,namecheap,,,17/09/2026 05:19
331a956a-11bc-4384-84a9-2f6e82fc85d1,dunstan.careers,available,15.96,57.16,medium,low,7,porkbun,,,02/10/2026 00:24
709bf0a2-2c2b-49c1-9a60-0750b7911308,relate.careers,available,28.98,89.98,high,low,6,namecheap,,,07/08/2026 07:03
031290bc-2dc5-47e4-a9af-a0373bb00a47,terbium.careers,available,34.99,71.99,medium,low,7,namesilo,,,20/09/2026 23:28
983fcfc5-f3f6-4e7a-8ef5-2c021777b318,mush.careers,available,34.99,71.99,high,low,4,namesilo,,,02/10/2026 04:27
438595f5-fa62-4a6a-91a7-d6650f395cb8,bicolor.careers,available,28.98,89.98,high,low,7,namecheap,,,09/08/2026 19:11
50db8ebf-e0cc-44bd-8f60-8ee320660bcc,palacios.careers,available,26.08,57.13,medium,low,8,spaceship,,,02/10/2026 20:39
60744856-a01d-4a67-87d8-8dfd1b112df1,madge.careers,available,26.08,57.13,medium,low,5,spaceship,,,03/10/2026 03:01
31f8a8c4-1dc2-4787-bf25-489a6258be58,volunteered.careers,available,26.08,57.13,medium,low,11,spaceship,,,28/09/2026 09:06
a5cdd9e3-fa2b-4935-a2e0-8e8929988140,saginaw.careers,available,26.08,57.13,medium,low,7,spaceship,,,28/09/2026 03:02
bd42e589-2fcb-4c1f-9401-b890f6aa52ce,jug.careers,available,34.99,71.99,high,low,3,namesilo,,,29/09/2026 12:28
5bd05e95-49a0-45c2-9b87-75813453a8e9,nattily.careers,available,28.98,89.98,medium,low,7,namecheap,,,15/09/2026 16:12
9b47b0c8-db45-4266-b5ff-c62fc5ca34fe,nourish.careers,available,34.99,71.99,high,low,7,namesilo,,,18/09/2026 07:58
f2f6325a-f9b1-4162-a714-ddb04330b3f0,molly.careers,available,55.2,55.2,high,low,5,cloudflare,,,28/09/2026 14:53
527a1690-c6d6-4f48-9de0-7cadbf039346,electoral.careers,available,28.98,89.98,medium,low,9,namecheap,,,16/08/2026 02:37
f99f0458-23b6-448f-a72b-cc525058808f,bilgewater.careers,available,34.99,71.99,medium,low,10,namesilo,,,21/09/2026 23:46
fece8327-5451-400e-a1ca-dd2fd8418c1b,systematically.careers,available,49.99,,medium,low,14,name.com,,,
48fb2a79-9a22-40bf-9f12-587044577b08,argues.careers,available,16.27,59.07,medium,low,6,dynadot,,,02/10/2026 13:47
11b92acb-4f63-4ac7-9828-13384a53af1a,bmp.careers,available,26.08,57.13,high,low,3,spaceship,,,02/10/2026 18:50
caf5c48c-8d4b-4995-a1e8-f1f3768e884a,gods.careers,available,49.99,,high,low,4,name.com,,,
a1ef6cc3-063a-44d0-804f-e2a3c9e43bff,glass.careers,premium,512,512,high,low,5,namesilo,,,29/09/2026 14:00
fdaa6716-e815-4b0d-91a1-915293818ea6,censure.careers,available,34.99,71.99,medium,low,7,namesilo,,,19/09/2026 08:29
cf05fdde-f5d7-4e51-b4a3-29ff5a1c7665,spit.careers,available,28.98,89.98,medium,low,4,namecheap,,,15/09/2026 20:17
c7851f04-0320-44fc-bf88-647c986425d4,donatello.careers,available,26.08,57.13,high,low,9,spaceship,,,02/10/2026 14:52
464fd405-7ec1-4282-8d37-dbfaf4b098af,himalayas.careers,available,28.98,89.98,high,low,9,namecheap,,,02/10/2026 15:43
e9d8598b-b845-4ae4-87a6-b084fe9ffdd6,maladroit.careers,available,28.98,89.98,medium,low,9,namecheap,,,24/08/2026 13:35
75aeee3b-58b1-4662-8f6d-768b130397b8,issn.careers,available,34.99,71.99,high,low,4,namesilo,,,01/10/2026 07:15
817d1898-db36-4e1e-bc4d-56e66fcee9d6,socrates.careers,available,26.08,57.13,high,low,8,spaceship,,,29/09/2026 20:25
68dcbc83-a1aa-408b-9290-f8c7fabb316e,beguine.careers,available,34.99,71.99,medium,low,7,namesilo,,,23/09/2026 02:59
39fcc949-711a-463a-8d0c-b6aa1dd65479,wegener.careers,available,34.99,71.99,medium,low,7,namesilo,,,18/09/2026 06:39
3a80264d-1cc2-4bad-9177-6db3d4fc7f00,ownership.careers,available,34.99,71.99,high,low,9,namesilo,,,28/09/2026 15:02
75fd6cee-7362-4748-9cca-f5d4be0c9bb9,elton.careers,available,34.99,71.99,high,low,5,namesilo,,,27/09/2026 19:29
d4a8360d-056b-4970-a5fc-c8903323de1a,liberals.careers,available,34.99,71.99,medium,low,8,namesilo,,,01/10/2026 17:10
e24978bf-d712-4d01-9b25-edda11493392,sunroof.careers,available,26.08,57.13,high,low,7,spaceship,,,30/09/2026 12:27
39761eb2-554a-4ff0-b319-86cd391346f5,satanic.careers,available,34.99,71.99,medium,low,7,namesilo,,,24/09/2026 05:47
3603644f-d81c-4d73-a597-bc5a7d8809a5,bagel.careers,available,34.99,71.99,high,low,5,namesilo,,,29/09/2026 00:27
c4a1b40f-1f09-4e44-975f-a0b9eeed9fe3,identities.careers,available,15.96,57.16,medium,low,10,porkbun,,,29/09/2026 17:14
20595b2c-ed72-4999-8735-67bcc8182c98,operatic.careers,available,28.98,89.98,medium,low,8,namecheap,,,04/09/2026 16:24
4f127dba-208c-46b3-8b1d-83214cdcf75c,positional.careers,available,28.98,89.98,medium,low,10,namecheap,,,09/09/2026 00:06
3c2b5eb3-f45f-42dd-9564-3f31a93a856f,forking.careers,available,28.98,89.98,medium,low,7,namecheap,,,11/08/2026 02:19
1bd929f7-5f7e-44cd-91e5-33fd9a6822d3,timetable.careers,available,34.99,71.99,high,low,9,namesilo,,,28/09/2026 20:39
0e52a003-f8fc-4580-937a-eeeb531f6860,betrothal.careers,available,28.98,89.98,medium,low,9,namecheap,,,23/09/2026 11:34
9ffd38fa-9aa5-4e02-9c51-a5016789f56e,random.careers,available,34.99,71.99,high,medium,6,namesilo,,,19/09/2026 11:18
5933e7a3-f4c9-4150-9e91-a68a5aeb318d,juan.careers,available,34.99,71.99,high,low,4,namesilo,,,27/09/2026 18:50
d42bd62c-1789-4a77-b6b6-f9b5e67d8c4a,benzyl.careers,available,29.99,94.99,high,low,6,name.com,,,23/09/2026 09:03
087f9131-5878-4c73-8d53-4cf1f6202bd5,aberdonian.careers,available,28.98,89.98,medium,low,10,namecheap,,,
0853155c-88c2-4a29-99d9-af5c1a6013ae,sinaloa.careers,available,34.99,71.99,medium,low,7,namesilo,,,30/09/2026 05:06
6c26d748-853e-435f-b422-93c47858f13c,routinely.careers,available,28.98,89.98,medium,low,9,namecheap,,,16/09/2026 00:11
51822307-7732-4295-8ff2-cfd3631a48be,forman.careers,available,15.96,57.16,high,low,6,porkbun,,,29/09/2026 09:59
c7abccaa-7cdf-4ae5-a087-e00be60936dd,socialized.careers,available,28.98,89.98,medium,low,10,namecheap,,,10/09/2026 13:12
962002e0-ab67-40fa-ae8f-88cd86e77729,credendum.careers,available,28.98,89.98,medium,low,9,namecheap,,,20/09/2026 11:13
6b7801a9-8f2d-4aea-82ea-4d0d74367272,galen.careers,available,28.98,89.98,high,low,5,namecheap,,,02/10/2026 15:22
74e7da7c-5d72-4a01-9db1-a6313733c2d1,stronger.careers,available,49.99,,high,low,8,name.com,,,
625bf158-c8a6-4cc7-a141-2b1d6d2cf217,chelate.careers,available,28.98,89.98,medium,low,7,namecheap,,,12/08/2026 04:03
7d1e1c55-3f13-4f48-890d-c8e6f32b429f,ruffle.careers,available,28.98,89.98,high,low,6,namecheap,,,11/09/2026 05:07
0a0a7a40-8051-40f7-b52d-c9dd3ad0ba09,gallican.careers,available,28.98,89.98,medium,low,8,namecheap,,,18/08/2026 19:40
5269865e-ba63-4d74-bdfc-9b518d870537,bryn.careers,available,34.99,71.99,medium,low,4,namesilo,,,28/09/2026 07:45
ebd590fe-0365-4aea-b391-525f0b92815a,mauve.careers,available,28.98,89.98,high,low,5,namecheap,,,24/08/2026 17:37
27d8858e-fede-42ca-9115-30b59d0ea1f4,muir.careers,available,26.08,57.13,medium,low,4,spaceship,,,29/09/2026 19:25
1158a329-5315-4df2-a876-28290bd3515f,deng.careers,available,34.99,71.99,high,low,4,namesilo,,,27/09/2026 20:32
9c38d183-b9ef-432c-acd9-7591e9193ed3,clxx.careers,available,28.98,89.98,medium,low,4,namecheap,,,
f5aeb7af-e4f2-424a-b7fe-12460cb967ea,limber.careers,available,28.98,89.98,high,low,6,namecheap,,,23/08/2026 11:08
39b6c53b-d1b7-4f95-949e-1d9b36947a59,completes.careers,available,55.2,55.2,medium,low,9,cloudflare,,,01/10/2026 17:08
3858dee3-c652-4e81-b68a-5242d01019bd,quine.careers,available,34.99,71.99,high,low,5,namesilo,,,03/10/2026 01:52
823d7dfc-f37c-4518-adb4-f03191b105c7,username.careers,available,16.27,59.07,high,low,8,dynadot,,,01/10/2026 05:01
341ca617-0c78-4389-b426-bc58df63cf07,unfeasible.careers,available,28.98,89.98,medium,low,10,namecheap,,,21/08/2026 22:56
eb5efe6b-739f-46db-b9c5-66f5953fb720,rode.careers,available,26.08,57.13,medium,low,4,spaceship,,,28/09/2026 11:10
1e9f5929-f566-48d5-a29e-b3577246b536,belloc.careers,available,34.99,71.99,medium,low,6,namesilo,,,23/09/2026 06:16
e920e80e-1e60-41c4-a55e-d1200ec1014e,voluntarily.careers,available,34.99,71.99,high,low,11,namesilo,,,01/10/2026 05:44
535948fa-5567-43af-99a4-e5517d9726a8,jericho.careers,available,15.96,57.16,high,low,7,porkbun,,,30/09/2026 10:18
4b239c87-c50b-4e8b-bed0-f2fc37c37fa2,immerse.careers,available,28.98,89.98,high,low,7,namecheap,,,10/09/2026 19:49
4545fa20-61b2-4485-b8e1-04f39770d134,martha.careers,available,34.99,71.99,high,low,6,namesilo,,,01/10/2026 00:59
a590d04c-41d0-4a66-adef-ce382bcc21c8,truer.careers,available,34.99,71.99,medium,low,5,namesilo,,,20/09/2026 05:56
2f4771c9-804f-43a8-baba-855403db577f,alabaman.careers,available,28.98,89.98,medium,low,8,namecheap,,,18/09/2026 01:35
3a2a9f74-b539-446f-a294-59e7b39348df,sulawesi.careers,available,55.2,55.2,medium,low,8,cloudflare,,,30/09/2026 01:01
9c94e1b0-da2a-45da-962f-069b170e1ce5,strengthen.careers,available,55.2,55.2,high,low,10,cloudflare,,,30/09/2026 15:38
d62af719-4271-4fe0-acf5-feba4c82c18a,within.careers,available,26.08,57.13,high,low,6,spaceship,,,28/09/2026 16:47
da4af3ae-57dd-4dc3-9cbb-8b8bd1037156,singsong.careers,available,28.98,89.98,high,low,8,namecheap,,,12/08/2026 02:09
33ed9346-21fd-4061-97e6-4315d5e9ddbe,neighbours.careers,available,34.99,71.99,medium,low,10,namesilo,,,18/09/2026 07:42
a10e01dc-7217-4137-97fa-b1ad2659cedd,ducal.careers,available,28.98,89.98,medium,low,5,namecheap,,,14/08/2026 20:44
0758e4f9-ad2b-4ad7-88a4-595b0fd5665a,jimmy.careers,available,15.96,57.16,high,low,5,porkbun,,,30/09/2026 00:48
6de3f480-99ce-47ef-bf57-450741bb3353,meriden.careers,available,34.99,71.99,medium,low,7,namesilo,,,30/09/2026 22:15
3cc3ef06-0703-4540-8ea8-67975e8929d8,preliminary.careers,available,34.99,71.99,medium,low,11,namesilo,,,28/09/2026 11:21
f35e3423-b469-49b5-ac40-724311c9a1b6,questioner.careers,available,34.99,71.99,medium,low,10,namesilo,,,20/09/2026 14:25
211b2821-59d4-479e-b9a1-f46419f79c27,mummy.careers,available,34.99,71.99,high,low,5,namesilo,,,28/09/2026 10:18
085cefb7-1dc2-4760-b599-e50bf7cc3bdd,church.careers,premium,520,520,high,medium,6,namecheap,,,29/09/2026 09:07
b4520fbe-14f2-4ade-abfb-d2d401ceb993,bleak.careers,available,28.98,89.98,medium,low,5,namecheap,,,08/08/2026 21:02
e78e9d2a-662f-4236-a561-90d892751b25,montreal.careers,premium,250,,high,low,8,name.com,,,30/09/2026 05:13
cdac6a6d-f255-4097-a69c-19b2a8e0e1aa,scotch.careers,available,28.98,89.98,high,low,6,namecheap,,,24/09/2026 21:59
efebf4c6-9450-48f8-b785-860371fc3d81,filing.careers,available,15.96,57.16,medium,low,6,porkbun,,,28/09/2026 14:11
8fb20592-0048-4deb-9112-bdd8110be7e8,autologous.careers,available,28.98,89.98,medium,low,10,namecheap,,,07/08/2026 20:37
112a8ac9-4cdf-4992-839a-016cb43ba37a,battler.careers,available,28.98,89.98,medium,low,7,namecheap,,,09/08/2026 13:32
30aa1e4e-4640-4f48-a9ea-d7e8d3e2f9fe,endow.careers,available,34.99,71.99,high,low,5,namesilo,,,24/09/2026 23:37
e0cd197b-8d08-44ae-a956-4dd6fbf7b67a,corky.careers,available,28.98,89.98,high,low,5,namecheap,,,13/08/2026 01:23
000ae618-9415-4f40-8ac3-19f38d2ba0a1,byzantine.careers,available,28.98,89.98,medium,low,9,namecheap,,,11/08/2026 12:12
8055b8db-6692-49f8-873b-441b5456e1e5,cuneiform.careers,available,28.98,89.98,medium,low,9,namecheap,,,13/08/2026 10:34
c13d001c-01d3-4521-a1b5-6c3fe5ea9d8c,shades.careers,available,15.96,57.16,high,low,6,porkbun,,,28/09/2026 18:53
dd852d74-ac70-4917-9815-a55a13b003fa,aloes.careers,available,34.99,71.99,medium,low,5,namesilo,,,18/09/2026 13:07
47a1c54f-9539-457c-9687-6303fdaddd12,percentage.careers,available,34.99,71.99,high,low,10,namesilo,,,28/09/2026 15:02
2648d444-6d43-4e62-9f8f-203b52e7d6f1,argil.careers,available,34.99,71.99,medium,low,5,namesilo,,,20/09/2026 04:20
157c0ec4-0467-4d42-986d-b570d76019fb,incessant.careers,available,28.98,89.98,high,low,9,namecheap,,,11/08/2026 23:04
6797e246-426e-47ab-aafe-1004755bc745,stops.careers,available,34.99,71.99,high,low,5,namesilo,,,30/09/2026 12:10
9c5b8c5e-6829-4c33-a453-fffc03d45010,speck.careers,available,28.98,89.98,medium,low,5,namecheap,,,02/10/2026 14:45
ca37ed19-2c51-4c6b-af01-e7959c61530d,annihilation.careers,available,26.08,57.13,medium,low,12,spaceship,,,02/10/2026 21:42
82851082-4903-4249-90c6-29cebef781af,fits.careers,available,34.99,71.99,medium,low,4,namesilo,,,18/09/2026 18:43
8cd113ab-6d0d-4c8a-ae35-bf48eb068bd8,threadfish.careers,available,34.99,71.99,medium,low,10,namesilo,,,18/09/2026 04:49
6e655ebf-f957-4928-930f-6ff84f81fa80,heterodox.careers,available,28.98,89.98,medium,low,9,namecheap,,,14/08/2026 12:37
6cd136c1-5ff9-45d1-8715-4acec2f0faea,bombay.careers,available,16.27,59.07,medium,low,6,dynadot,,,29/09/2026 00:15
5494f23c-2eb3-4fde-8e49-56afd5eb579f,wolfe.careers,available,34.99,71.99,high,low,5,namesilo,,,25/09/2026 10:55
a3f69bdf-5a01-4973-aeba-6d3b9bf5ab84,gender.careers,available,34.99,71.99,high,low,6,namesilo,,,28/09/2026 14:16
d13f05ef-672c-44de-9911-0fee203a3e4b,scold.careers,available,28.98,89.98,high,low,5,namecheap,,,24/09/2026 16:34
3aed26dd-4979-425c-8037-9ea7df084e10,analogue.careers,available,28.98,89.98,high,low,8,namecheap,,,
c5b6a5df-8056-4990-b635-252f47ba9c19,stealth.careers,available,34.99,71.99,high,low,7,namesilo,,,29/09/2026 08:08
f8445220-1cc1-4033-989a-178c31668e0e,lvi.careers,available,28.98,89.98,medium,low,3,namecheap,,,
ef790929-00ac-403d-8471-d40a03d30228,annwn.careers,available,34.99,71.99,medium,low,5,namesilo,,,19/09/2026 11:09
84001d5b-c340-4b46-8cfb-16a9e6ede23b,didnt.careers,available,26.08,57.13,medium,low,5,spaceship,,,02/10/2026 04:18
0ea7ae8a-3d12-4639-b6b6-1dfda66695fe,yoruba.careers,available,34.99,71.99,high,low,6,namesilo,,,18/09/2026 00:15
b14aeac9-c2dd-4cc4-ae1d-59984dee2827,cerise.careers,available,28.98,89.98,medium,low,6,namecheap,,,10/08/2026 15:04
5d5be3bb-de57-4dce-bfad-616ccf0eb67f,treed.careers,available,28.98,89.98,medium,low,5,namecheap,,,07/08/2026 11:13
1100fbe2-d4e5-4055-b664-5dafea0632f6,measurably.careers,available,28.98,89.98,medium,low,10,namecheap,,,15/09/2026 13:50
123ae24e-32cc-40d8-955c-686a0de34d8b,sending.careers,available,34.99,71.99,high,low,7,namesilo,,,25/09/2026 10:37
7415345f-26ac-4486-a79b-2f7c05ac4926,byers.careers,available,26.08,57.13,medium,low,5,spaceship,,,29/09/2026 09:57
6aa74e47-0c84-40c3-8d7a-5a0035fcb6d3,platoon.careers,available,55.2,55.2,high,low,7,cloudflare,,,27/09/2026 15:14
e9ed6273-e018-4950-8b4b-903d12d474d4,lucca.careers,available,26.08,57.13,high,low,5,spaceship,,,29/09/2026 21:45
067bc7e2-f8bd-4183-92cb-721520a15b74,coastline.careers,available,55.2,55.2,high,low,9,cloudflare,,,30/09/2026 09:12
df158051-eb55-4190-99d9-90ac093f5356,monetary.careers,available,28.98,89.98,high,low,8,namecheap,,,25/09/2026 21:29
5bdc22c1-b104-4a48-bdd6-7232716ab3a9,assault.careers,available,28.98,89.98,medium,low,7,namecheap,,,20/09/2026 15:48
5cbf5904-2012-49f4-92af-2bfa4dc354b6,puppy.careers,available,34.99,71.99,high,low,5,namesilo,,,27/09/2026 15:27
5fd8b9c8-a895-4b90-b270-2f9a73949211,transcript.careers,available,28.98,89.98,high,low,10,namecheap,,,25/09/2026 22:18
1fe18af3-4df2-46a9-b2e3-d64a8722b5fa,impervious.careers,available,28.98,89.98,medium,low,10,namecheap,,,21/08/2026 22:19
8aa1d056-9dc5-4b2f-a20c-5c20dac8f1f1,unsweet.careers,available,28.98,89.98,low,low,7,namecheap,,,10/09/2026 01:07
b08a4610-e8a3-450c-9305-bc1ff76c68c5,clusters.careers,available,34.99,71.99,medium,low,8,namesilo,,,30/09/2026 22:40
51f18106-2ff1-4cc3-ad17-60458391c73f,kindergarten.careers,available,28.98,89.98,high,low,12,namecheap,,,29/09/2026 05:20
03b743b8-9745-48c6-8d6c-23e60e190d42,colonists.careers,available,55.2,55.2,medium,low,9,cloudflare,,,01/10/2026 16:49
dae8fd72-2524-435b-b50a-649fc54ae803,assassination.careers,available,16.27,59.07,medium,low,13,dynadot,,,28/09/2026 11:16
3053a8df-e895-40a9-b17d-77957afd8312,vivacious.careers,available,28.98,89.98,high,low,9,namecheap,,,13/09/2026 05:07
8c543f07-2c9a-4e64-8251-a631514a8f7a,delicately.careers,available,28.98,89.98,medium,low,10,namecheap,,,14/09/2026 11:25
fc14f58a-bdad-40ca-967a-0fd9e2538782,octavia.careers,available,55.2,55.2,high,low,7,cloudflare,,,01/10/2026 09:32
45a5345a-dd5f-4a45-93c0-696707bef196,between.careers,available,26.08,57.13,high,low,7,spaceship,,,28/09/2026 11:25
3cd3f707-8a03-46a6-b869-dc0223016d60,occluded.careers,available,28.98,89.98,medium,low,8,namecheap,,,04/09/2026 00:12
de5a3f4f-9175-4b4a-b7de-482bab8a524c,beady.careers,available,28.98,89.98,medium,low,5,namecheap,,,09/08/2026 03:23
afe6bb54-3a35-4676-8e64-58f5412aa3bd,odorless.careers,available,28.98,89.98,medium,low,8,namecheap,,,22/08/2026 06:02
24f74912-e89a-4eb6-802e-188bae3b0241,bangle.careers,available,34.99,71.99,high,low,6,namesilo,,,22/09/2026 01:57
8f465a9c-c33d-4d39-91e5-eeed71c6e4c1,gregorio.careers,available,26.08,57.13,high,low,8,spaceship,,,02/10/2026 13:29
040c0a10-b662-4543-8b2c-dddc73ffed9e,taipei.careers,available,34.99,71.99,high,low,6,namesilo,,,29/09/2026 07:03
67b86ed0-b3d4-46bd-8271-4a7b26ba9d9b,scoff.careers,available,28.98,89.98,medium,low,5,namecheap,,,22/08/2026 12:41
6cde1769-cd33-4784-91ea-8dac96cbfae1,boutique.careers,premium,414.2,414.2,high,low,8,spaceship,,,02/10/2026 10:33
e48ea4f3-9953-4eee-873c-fc69612f5a30,tasteless.careers,available,28.98,89.98,medium,low,9,namecheap,,,11/09/2026 09:02
a496f8c8-df29-4856-b136-be71474cbcaa,honour.careers,available,34.99,71.99,high,low,6,namesilo,,,16/09/2026 22:47
f316e847-6191-4160-ad71-54d08bf67e6c,bellis.careers,available,34.99,71.99,high,low,6,namesilo,,,23/09/2026 06:15
4ca8df6f-fbba-4392-a193-47d74206cd0b,longwood.careers,available,26.08,57.13,medium,low,8,spaceship,,,02/10/2026 01:09
33c1f88d-43c4-4cb5-8f47-c268beac76df,billie.careers,available,16.27,59.07,medium,low,6,dynadot,,,28/09/2026 07:55
576a402a-e4a2-4893-a701-cbcccf2639b7,designs.careers,available,55.2,55.2,high,low,7,cloudflare,,,30/09/2026 20:49
58e5ea15-1650-485e-ac81-89e9bc519acd,judson.careers,available,26.08,57.13,medium,low,6,spaceship,,,28/09/2026 12:13
d9ce4583-6bfa-49de-b63d-44043e21c485,stafford.careers,available,26.08,57.13,high,low,8,spaceship,,,29/09/2026 14:53
a4c48b29-8198-45d2-b3e5-40b37e9d1962,permits.careers,available,55.2,55.2,medium,low,7,cloudflare,,,28/09/2026 23:51
db9b3435-6176-4451-94a9-808727c2b54b,judea.careers,available,16.27,59.07,medium,low,5,dynadot,,,29/09/2026 07:23
05ad6184-b3a4-4ff0-82b1-31862997d349,winsomely.careers,available,28.98,89.98,medium,low,9,namecheap,,,14/09/2026 15:43
fb4663bd-642a-47b1-8982-53de9833a366,oldfield.careers,available,34.99,71.99,medium,low,8,namesilo,,,22/09/2026 06:52
2a6f8a09-7c3c-4f65-85ed-c469a6baece6,veiled.careers,available,28.98,89.98,medium,low,6,namecheap,,,13/09/2026 01:50
4d1e2cf8-da04-4fa6-8bb7-01964c43977b,laura.careers,available,34.99,71.99,high,low,5,namesilo,,,02/10/2026 08:33
22e77038-1c3e-4b6f-ae37-136c9c97665e,leukaemia.careers,available,34.99,71.99,medium,low,9,namesilo,,,24/09/2026 11:59
69d3c18b-de79-48f4-8f6a-ff754ed0dea3,strindberg.careers,available,34.99,71.99,medium,low,10,namesilo,,,21/09/2026 03:49
ef3430c9-d4f5-46e0-9620-a000d67a6cd9,provoking.careers,available,28.98,89.98,high,low,9,namecheap,,,
851c820b-ad8e-4a09-bc70-35fa225d1404,lubricious.careers,available,28.98,89.98,medium,low,10,namecheap,,,24/08/2026 10:50
a335428a-e608-4ec9-9c5c-b7db80a3ef8e,wieland.careers,available,26.08,57.13,medium,low,7,spaceship,,,03/10/2026 02:22
d7bf66a4-b2bc-4707-b599-351760a16c05,cramp.careers,available,16.27,59.07,medium,low,5,dynadot,,,30/09/2026 16:50
6d1d737f-89c8-40fe-9e0e-e93ec6f05318,lucile.careers,available,26.08,57.13,medium,low,6,spaceship,,,02/10/2026 19:50
d82fcb19-d4d8-41f4-a2ac-0d94e2dc8eb7,link.careers,premium,414.2,414.2,high,medium,4,spaceship,,,29/09/2026 10:12
f0fc7397-2def-4785-818a-11664e0fa489,prayer.careers,available,15.96,57.16,high,low,6,porkbun,,,28/09/2026 01:59
7a76c56b-a1fd-48c7-8f3d-9c13e846949d,curves.careers,available,49.99,,medium,low,6,name.com,,,
2fa92d10-ef5e-465f-80f9-333a15e1f5b4,fleeing.careers,available,15.96,57.16,medium,low,7,porkbun,,,29/09/2026 03:23
f17af9aa-5eb9-4bc6-862c-52a8d2c8bc4b,schneider.careers,available,28.98,89.98,high,medium,9,namecheap,,,02/10/2026 09:33
ad7eb7fb-b966-47bd-a631-9ef671812855,norse.careers,available,28.98,89.98,high,low,5,namecheap,,,03/09/2026 21:11
3f17981c-61e6-41e7-99e5-5279b0a00457,faculties.careers,available,55.2,55.2,medium,low,9,cloudflare,,,30/09/2026 22:50
d5e5afab-0e9b-43b7-8eeb-094969744cda,wrong.careers,available,28.98,89.98,high,low,5,namecheap,,,25/09/2026 07:41
479a8dfd-dedf-417c-82e0-3e601e26fee7,antitoxin.careers,available,34.99,71.99,medium,low,9,namesilo,,,19/09/2026 15:12
dbf706fc-e690-429a-993f-4905d15835fe,sylvia.careers,available,26.08,57.13,high,low,6,spaceship,,,27/09/2026 19:08
ed7191f0-9083-4816-8046-32bdc76e28e6,computerized.careers,available,34.99,71.99,high,low,12,namesilo,,,02/10/2026 05:39
19f98d79-ec43-477b-a0b9-9100d50c314a,fiasco.careers,available,34.99,71.99,medium,low,6,namesilo,,,02/10/2026 14:49
8cc3d21a-e221-4efe-afa6-a1daa791e980,cared.careers,available,28.98,89.98,medium,low,5,namecheap,,,25/09/2026 19:49
922c8b0a-dc3c-433b-8dca-088cfa742bfc,waiters.careers,available,34.99,71.99,medium,low,7,namesilo,,,02/10/2026 23:12
d5d7e15c-4e2d-4ef0-8296-a82fd916d932,nai.careers,available,55.2,55.2,high,low,3,cloudflare,,,30/09/2026 04:12
f7761232-cf8e-4311-bd10-aa4c30db1fe3,jfk.careers,available,26.08,57.13,high,low,3,spaceship,,,29/09/2026 13:11
99c98245-b440-4181-83d7-980c80053077,nws.careers,available,34.99,71.99,high,low,3,namesilo,,,03/10/2026 04:47
c9360be5-bc98-4c18-bfd8-c4ed50af6915,perform.careers,available,26.08,57.13,high,low,7,spaceship,,,30/09/2026 21:20
bd459ec0-cbf1-4d6a-95cf-d07a5734fdef,isolation.careers,available,34.99,71.99,high,low,9,namesilo,,,24/09/2026 16:00
f3a16097-700b-42e4-a5f9-7b20d16df97a,puck.careers,available,28.98,89.98,high,low,4,namecheap,,,30/09/2026 10:09
3e21e3b4-ff60-4cb7-bee8-b6e52b90b7ea,hadean.careers,available,28.98,89.98,medium,low,6,namecheap,,,20/08/2026 21:32
94b2d061-9b3e-44d4-8b8e-862d21cbb7a7,evidently.careers,available,28.98,89.98,high,low,9,namecheap,,,08/09/2026 20:21
77da8858-3f21-4e71-b7d3-ed0f9117506d,hans.careers,available,34.99,71.99,high,low,4,namesilo,,,01/10/2026 11:24
d8c9740a-275f-4b36-99b3-c98ae40f12c4,azurite.careers,available,34.99,71.99,high,low,7,namesilo,,,21/09/2026 11:39
cd524aea-de09-461a-9e1f-9faa1a851bc9,fierce.careers,available,34.99,71.99,high,low,6,namesilo,,,23/09/2026 01:48
fefc980e-66b7-4ee5-8c5b-9cb29e896db0,architects.careers,available,34.99,71.99,medium,low,10,namesilo,,,30/09/2026 07:29
fa14cb11-81bf-4337-b015-59039525d8f1,griffith.careers,available,34.99,71.99,medium,low,8,namesilo,,,25/09/2026 04:33
e6148856-e624-464d-b8f2-1527e931835b,haughty.careers,available,28.98,89.98,medium,low,7,namecheap,,,21/08/2026 01:24
7152ea38-5575-4685-9152-e46638827b39,potsdam.careers,available,26.08,57.13,high,low,7,spaceship,,,27/09/2026 15:23
1668c40c-5cf0-4182-b279-59fa71b32803,babe.careers,available,16.27,59.07,high,low,4,dynadot,,,29/09/2026 00:05
4155d9b4-afce-4151-b7af-1bbc4f6479be,sparsely.careers,available,28.98,89.98,medium,low,8,namecheap,,,16/09/2026 05:55
1bcd54fc-8174-49e0-bcc6-5ef77bc7bfb1,bonnet.careers,available,34.99,71.99,high,low,6,namesilo,,,24/09/2026 06:40
69e01226-0ecd-48ef-832f-e578920fa6fe,dumps.careers,available,34.99,71.99,high,low,5,namesilo,,,30/09/2026 09:26
840a3a52-e389-4e44-848f-773a1e2b7ee6,halted.careers,available,26.08,57.13,medium,low,6,spaceship,,,02/10/2026 22:13
75d5efeb-59bd-4782-b2d1-c502f9af975e,truthful.careers,available,28.98,89.98,high,low,8,namecheap,,,11/09/2026 20:51
d65c7853-4abc-4122-af93-46b04cc81760,raider.careers,available,26.08,57.13,medium,low,6,spaceship,,,02/10/2026 04:35
ca90073a-1d9e-4e1b-823d-9a45fd6ae75b,harder.careers,available,34.99,71.99,medium,low,6,namesilo,,,26/09/2026 03:10
56a646f3-c03e-4341-8b2c-0abdd935cbd6,flimsy.careers,available,28.98,89.98,medium,low,6,namecheap,,,18/08/2026 08:15
4042a6b4-54b6-4a85-854d-78076dbff456,sikorsky.careers,available,34.99,71.99,high,low,8,namesilo,,,30/09/2026 17:41
4cd4fd0d-7e20-4b44-ac75-2a96f7f5b52e,bathroom.careers,available,34.99,71.99,high,low,8,namesilo,,,27/09/2026 06:27
c0bcdda4-c5ed-4bbe-bdd3-b3e82b64dd8d,demonstrations.careers,available,49.99,,medium,low,14,name.com,,,
6028f4b3-3026-44d7-9141-00601a953aba,nagano.careers,available,26.08,57.13,medium,low,6,spaceship,,,30/09/2026 18:06
ab79b4a6-ee40-4170-a879-9c1f3b4cc18f,mindanao.careers,available,15.96,57.16,medium,low,8,porkbun,,,28/09/2026 10:28
3728c68e-37eb-455b-b68b-36e7ed9e3f99,socially.careers,available,28.98,89.98,high,low,8,namecheap,,,16/09/2026 03:57
c76d764b-5d23-4c35-bbb0-3d8681d2cbcd,bassine.careers,available,34.99,71.99,medium,low,7,namesilo,,,22/09/2026 12:22
768e2e72-9578-4b17-a10d-291b1e51f0ec,endpoints.careers,available,28.98,89.98,medium,low,9,namecheap,,,30/09/2026 07:49
6626d109-ad76-4f15-ab12-ad8cd35c1f30,rape.careers,available,34.99,71.99,high,low,4,namesilo,,,24/09/2026 08:17
41136e2d-a503-4af2-816e-c305ed129156,lewiston.careers,available,15.96,57.16,medium,low,8,porkbun,,,28/09/2026 14:42
e8e69a7f-d8d8-4445-a8ba-f841796d3d02,adequate.careers,available,28.98,89.98,high,low,8,namecheap,,,21/09/2026 18:22
de42b3c1-a45a-4b91-b62e-766ee73f96df,aditi.careers,available,34.99,71.99,medium,low,5,namesilo,,,17/09/2026 08:22
788a528f-9f7d-4ad5-935b-a813947105d5,hurried.careers,available,28.98,89.98,medium,low,7,namecheap,,,21/08/2026 15:45
68821bcd-dd0c-4040-b77b-f012b61b35dd,telly.careers,available,34.99,71.99,high,low,5,namesilo,,,24/09/2026 06:44
248bb433-fc08-4be9-9c31-500e48588995,word.careers,available,28.98,89.98,high,low,4,namecheap,,,29/09/2026 02:21
0320cbfa-e570-4461-8f76-25d1fdb41c33,bituminous.careers,available,28.98,89.98,high,low,10,namecheap,,,10/08/2026 08:53
4b868ba0-5400-4d3b-9ff6-7961b305b7e0,tamable.careers,available,28.98,89.98,medium,low,7,namecheap,,,11/09/2026 07:36
02f9b46c-9c94-4315-b3cb-9f0dcd1f0278,landlords.careers,available,26.08,57.13,medium,low,9,spaceship,,,02/10/2026 23:18
1797ecad-06b5-4c8c-8a7d-445a4f6f3dff,aristocracy.careers,available,34.99,71.99,high,low,11,namesilo,,,30/09/2026 14:25
954718da-ca30-4ed4-8637-ffcac838e5dd,npl.careers,available,55.2,55.2,medium,low,3,cloudflare,,,30/09/2026 20:55
8996775a-aac7-4099-a7b0-c1225c8f238c,simms.careers,available,26.08,57.13,medium,low,5,spaceship,,,28/09/2026 16:38
2b7a2db2-e1a8-4d05-aa97-15a16d19a441,exaggerate.careers,available,26.08,57.13,high,low,10,spaceship,,,30/09/2026 19:19
f2daffa8-f904-4d4b-aead-7df640095b66,analogous.careers,available,28.98,89.98,medium,low,9,namecheap,,,
54883563-7a21-4060-9459-e551881aaa00,dioecious.careers,available,28.98,89.98,medium,low,9,namecheap,,,14/08/2026 08:20
4b3c2ffe-4335-47af-8e06-63af4ec7f8c9,agnosia.careers,available,28.98,89.98,medium,low,7,namecheap,,,17/09/2026 18:46
9670b9cc-3851-4362-9e44-e54ed0b827de,crecy.careers,available,34.99,71.99,medium,low,5,namesilo,,,22/09/2026 15:02
b1c6d81a-6e52-411a-857d-520d8dd55cd5,citric.careers,available,28.98,89.98,medium,low,6,namecheap,,,12/08/2026 08:54
c4f6a639-4d5c-48a7-b3fe-e544d4794d5a,pathological.careers,available,26.08,57.13,medium,low,12,spaceship,,,29/09/2026 21:08
738d5cd2-1dea-4d87-a2a7-5bb64b0b114e,interred.careers,available,28.98,89.98,medium,low,8,namecheap,,,11/08/2026 10:36
3e519fe9-be0e-459a-bf5e-a020ed35994b,despoiled.careers,available,28.98,89.98,medium,low,9,namecheap,,,14/08/2026 04:23
d3f47f7a-bd4d-475f-8a32-14ade6ffb7a0,comte.careers,available,34.99,71.99,high,low,5,namesilo,,,21/09/2026 03:56
b9720189-abf4-4853-a470-6a4bae6ee896,pies.careers,available,26.08,57.13,medium,low,4,spaceship,,,02/10/2026 14:35
8dbc6b7a-d378-4ba6-8724-e5ffbd60a4a2,pyretic.careers,available,28.98,89.98,medium,low,7,namecheap,,,09/09/2026 07:03
c1785b14-9476-4514-94c5-9555ea123c3f,develop.careers,premium,512,512,high,low,7,namesilo,,,30/09/2026 13:46
97088c53-833e-43fd-9294-1bb1fff01994,debts.careers,available,26.08,57.13,low,low,5,spaceship,,,28/09/2026 04:25
f1d20e0d-348f-476b-99ca-52d405f8d12c,clickbait.careers,available,55.2,55.2,medium,low,9,cloudflare,,,02/10/2026 04:10
fe9e6755-170b-42f1-8cda-5e1534ef81fe,iit.careers,available,34.99,71.99,high,low,3,namesilo,,,30/09/2026 04:30
402fecd1-9fd0-4d30-831d-6232f6abdeb9,sheikh.careers,available,28.98,89.98,high,low,6,namecheap,,,19/09/2026 23:25
97738df0-9412-4fab-87a8-0dbc7f129038,nonsuch.careers,available,28.98,89.98,medium,low,7,namecheap,,,03/09/2026 20:15
587547c8-a37b-4e5b-9017-2d6fd15164b9,reclaimed.careers,available,28.98,89.98,high,low,9,namecheap,,,09/09/2026 11:36
8a13ccde-b604-4f7c-9393-145edc7bff49,holidays.careers,available,28.98,89.98,high,low,8,namecheap,,,20/09/2026 04:47
34394e5d-fc82-4f21-ad36-0389d153e6ec,cordova.careers,available,26.08,57.13,high,low,7,spaceship,,,29/09/2026 11:58
13b1c3ce-73e0-416b-9640-0d220f8a2cda,worn.careers,available,34.99,71.99,high,low,4,namesilo,,,23/09/2026 12:58
9cc3d419-a1bb-4fe4-a6c9-e3ca9ca0d666,consequences.careers,available,34.99,71.99,high,low,12,namesilo,,,27/09/2026 08:40
856b99da-9639-4ffa-a186-5114a468586e,populace.careers,available,28.98,89.98,high,low,8,namecheap,,,09/09/2026 05:22
0e161815-f15f-4fb3-bce8-bc607a8bdd36,wiping.careers,available,55.2,55.2,high,low,6,cloudflare,,,01/10/2026 06:02
56e0bd0f-4040-41c6-9782-fc0ed118ffef,password.careers,available,26.08,57.13,medium,low,8,spaceship,,,28/09/2026 04:22
235e786c-bba9-46f2-8c30-ccc1e5a334cd,burgundy.careers,available,26.08,57.13,high,low,8,spaceship,,,29/09/2026 06:09
ec74ff79-d203-42f3-a657-508d7bc63561,naively.careers,available,28.98,89.98,medium,low,7,namecheap,,,15/09/2026 16:00
7420561e-59bf-4597-a241-b052a66125da,metabolous.careers,available,28.98,89.98,medium,low,10,namecheap,,,24/08/2026 21:28
4718d32e-f795-4302-849c-8e16937bbb8c,landings.careers,available,16.27,59.07,medium,low,8,dynadot,,,30/09/2026 00:42
f324137c-eb33-4685-b329-cae22e7b8ee4,arriver.careers,available,34.99,71.99,medium,low,7,namesilo,,,20/09/2026 09:16
f957f881-bb78-45d5-9d55-32585cd3dcf9,collarbone.careers,available,26.08,57.13,medium,low,11,spaceship,,,02/10/2026 19:12
49b3c116-215b-4618-87a9-ab09fcbb03df,determine.careers,available,34.99,71.99,high,low,9,namesilo,,,30/09/2026 11:01
8367f145-1500-432e-844e-d54184f67b7a,dads.careers,available,34.99,71.99,medium,low,4,namesilo,,,20/09/2026 10:27
739102e0-cffe-47f9-b4c4-2574afe91e80,veal.careers,available,26.08,57.13,medium,low,4,spaceship,,,30/09/2026 14:19
6eaeb527-dd55-470b-8f24-6a51a36e4223,shoppers.careers,available,28.98,89.98,medium,low,8,namecheap,,,20/09/2026 20:14
582a292a-1e44-4926-9838-2710740f2588,tomas.careers,available,26.08,57.13,medium,low,5,spaceship,,,28/09/2026 04:37
ff17cdb9-327c-4f67-8224-86f9a3c157d4,sensory.careers,available,55.2,55.2,high,low,7,cloudflare,,,27/09/2026 20:08
b6ba40fc-339b-4ffc-866f-c79b863c40f5,wayne.careers,available,34.99,71.99,high,low,5,namesilo,,,19/09/2026 13:47
016416e4-7845-4ac6-b73a-ffe1749b1bfd,guatemalan.careers,available,28.98,89.98,high,low,10,namecheap,,,20/08/2026 20:45
9f6508a0-856d-4911-a4ae-353bfee9b645,crinoid.careers,available,28.98,89.98,medium,low,7,namecheap,,,13/08/2026 06:58